Label,a,b,c,d,e,f,g
c1,-0.4101637844426347,0.22058372251376746,5.019390283756155,0.4754432064438719,1.759255237855054,0.4624931657206086,15.316911504129013
c1,0.08732185985613786,0.009541207663204432,5.024717642579354,-0.2990298035259741,-1.657953722053413,0.05026796890787133,10.70610743485232
c2,-0.9688838608023741,-0.00789440079383219,5.357195819489524,-0.511287957119815,1.559890387007264,0.7117812317996995,10.037606289949515
c1,-0.394244576622397,0.021032025729239123,4.811493537306632,1.2740014347511537,1.4542978914076294,0.16561972460401075,10.488858785541852
c1,1.2232992088780232,-0.07881417402780677,5.1834332016541405,-2.1735705749974663,-0.4196767826244703,0.7405119097906018,18.766929196224766
c2,0.0330539854815987,0.1250621228810509,4.89057098161072,-0.050745049803733774,-3.7630021942829157,0.9991441857618379,11.279847521969522
c2,1.0596984181408589,-0.13756086663887324,5.3734021074099525,0.5954748634678344,0.6929178577233492,0.19085702429071028,14.549022486788278
c1,0.5190487525504988,0.007667647134089961,5.046183229471749,-0.6406428183918856,1.9453171512846512,0.05833747128954925,10.519741266039443
c1,0.0451055569621213,0.14681889203664866,5.081508139599349,0.15473994796563406,-1.7833530280677734,0.2284344089462198,10.608354860366687
c2,0.8020424954749353,0.14262320973649167,5.334680003243735,0.5577606896981411,2.074933747610028,0.5184435454212101,14.877854131563742
c1,-0.4930723563059649,-0.05989556325999246,4.669602310128168,0.7863925784766813,-1.9021010461170567,0.6365919137926385,10.101735214630182
c1,-0.19658635280033432,-0.12371321580845418,4.84278604484028,0.38481589076038064,1.093035192502248,0.5396295430133825,15.847872828026304
c1,0.874119772682197,0.11742296661640772,5.028333887586918,-1.6501613047584858,0.9057293899355189,0.27419462561444485,11.816720323016952
c1,0.6103016985329961,-0.2549476223098299,4.792360581124755,-1.1685881848147837,0.6299423918306156,0.685495088898795,12.475413985928087
c2,-0.5397317672292716,-0.015213662152216756,5.055049168613402,-0.45003600176260106,1.811808576516166,0.02155913877117821,14.898643674259805
c1,-0.10814823751200214,-0.011293817827949582,5.091404558770535,-0.1619025638399446,1.5597632614752437,0.9667485807101098,15.753762295786643
c1,0.3417944127450677,-0.31583528929913385,4.931259663525639,-0.6038102147481668,-2.25261467438708,0.09328099907544063,15.282506508194885
c1,0.9460435216342852,-0.10926183344646567,5.0941201393909985,-1.8183033744041206,1.2720382094067677,0.7381747349080894,14.041597803537517
c2,1.308951604397125,0.03452176268556961,5.276041006947032,0.8079008274818736,-0.020879551370249515,0.20647521718195994,10.866652342527415
c1,0.42928169356564,0.1797487309971899,4.660806680892376,-0.9895446116728993,1.4823954550126612,0.5075762968805038,12.506975800444469
c1,-1.0144066775577225,0.052758159701197016,5.258603541241317,1.8063011881925082,-0.8380364581718648,0.7161109976004236,19.968432857268894
c1,-0.4695885776652342,-0.10990653882993229,5.007789149319474,0.5413215674554802,1.6147670309265973,0.6680476676722596,19.741411441917613
c1,-0.308254026390501,-0.11812802667157207,4.908548047055995,0.5956234938930929,-1.5371721355316488,0.10725474897126974,16.66588983133587
c2,-0.17710954065074697,-0.003614128196668176,4.796550998313954,-0.021889653759415432,2.4308216484644767,0.8592794166628683,19.034954604560916
c2,0.3712347150364071,-0.042160047460768624,4.76244768257283,0.31263801998643903,-3.754367431899926,0.9775201340545554,15.075284348275096
c2,-0.8660739603776823,-0.1824483344932819,5.194947379275931,-0.2482311652140749,-3.122449500832757,0.47651354221090103,15.835724585288528
c1,-0.26238919939277544,0.035898919510094274,4.980770326525473,0.3640594815021237,1.8739973821334157,0.39809549568428115,11.581247970069489
c2,-0.963373515087098,0.07703945607513418,5.154191850256844,-0.5459388426149161,1.0103838250085566,0.42123077454530866,19.06663257438907
c2,0.6452756029300152,0.13721761192373805,4.977922459106405,0.39229697405039526,-2.873759229164512,0.739745564417538,14.7338686404348
c2,1.4295561929116511,0.1724449498433973,5.123178359937552,0.6924525800169314,1.929588148674032,0.935012490460121,16.49640699677594
c2,1.927749734046124,0.06143260568712172,5.129535633726869,1.0726537736469395,-0.4927109086557051,0.35220201610387203,11.46174252286735
c2,-0.9371225608452204,0.016515626639135306,5.262723277319824,-0.5137588852072892,1.7435183165055972,0.9450326868442998,13.785331791919656
c2,-0.8795761972878918,-0.12529462090330057,4.9733983727685835,-0.45396596498558506,1.6396935224558757,0.1979806931716147,10.806678569132407
c2,-1.0382078460896653,-0.002830752279788129,4.708031845330737,-0.6420112876500493,1.5512724704112335,0.7048864264990373,14.372760631652959
c2,-0.016673058997574312,-0.0020166492316775475,5.0904344068851035,-0.14760521899466347,-3.4508231419172137,0.21162464523447666,16.659850467854817
c2,0.7780695602507066,-0.017486135729061658,5.101851965100791,0.5670151466888688,2.087568179433959,0.7717472169725912,17.3438911476046
c2,1.5207311470944354,0.02213813434916645,5.142423891466361,1.071197294183722,1.0736842688817518,0.5859884162002714,14.54985180111775
c1,0.2811056422325997,0.061375795929192734,5.05521309780994,-0.12682214807579045,-1.4099391733518607,0.9902132372690325,19.045466476036694
c2,-0.7363349339446889,0.1757584894918942,4.60699176164743,-0.42872949278557615,-3.371494420041048,0.34327337205951614,19.206611997706432
c1,0.16161172923713174,-0.0504774399074126,5.1600143331693,0.22314535599762544,-1.86616310364928,0.37808146795974706,13.017312225049851
c1,-0.4688728203240383,0.13692913011765384,5.150311749896527,0.9435526418030343,-0.8316907964278253,0.15856118027806765,18.657962281449098
c2,-1.4803043398738163,0.09948305227150378,5.107188157264306,-0.7380216496767504,-2.269939140922363,0.6611047733069367,19.574432127571253
c1,0.41791276560485113,0.022529083530921312,5.051714768764169,-0.6446381064388548,-2.2977906449131495,0.9214451109295937,16.393585105536317
c2,-1.465951353197423,0.1748540928042015,4.9401829348838415,-0.8553389851147372,1.3436205181303869,0.6721759803862378,17.71909001358584
c1,-1.006209174006527,0.010909021457051082,5.162547767527065,1.89246313308504,1.1091230773080425,0.9371500141801561,14.007756980533362
c2,-1.9619503293031326,0.04226449386879416,4.932175245871056,-1.1231668287958534,-0.30713441221349547,0.1408347180415639,13.314560224305744
c2,1.3020101257229824,0.06778130525427706,4.43776494262613,0.9785111272799049,1.6010540182467587,0.41102765738141067,19.31667058029374
c2,-0.6300595223367399,0.009908158594594596,4.651989695133279,-0.3564743601303103,2.007934216756734,0.753531909993978,14.34530860027789
c1,0.08102854134175885,0.0913642086390336,4.632297372065375,0.12891783915716284,-2.10096871592109,0.43510679463087965,10.498460537709375
c1,-0.029424211728452398,0.1722847203295803,5.011665607921903,-0.06899103812469043,2.030970818010208,0.23268576477532021,10.250516242341615
c1,-0.7270465222757226,0.08344103085592636,4.864646375675906,1.4532752657940167,1.5723871485612337,0.10093366105216983,17.86184030556974
c2,1.413300474077277,0.10453743051905917,4.911760287477371,0.8067892129221365,0.9074683545658518,0.6644455089871139,16.247369851431372
c2,1.8475617832551186,0.10130286633437713,5.347680574425227,1.0010569763058066,-1.2726503452107776,0.7360909500709032,15.853945311919443
c1,-0.5316498817804626,0.0008835160209503812,5.060969078169954,0.881605554759181,-1.7217507346535865,0.11388481846338594,13.216959344309915
c1,-0.7570252493693002,-0.011026889636289283,5.1036026418898555,1.570760227292097,-1.1624565263929785,0.1932782721733608,16.435232085582097
c2,-1.8071960556973246,-0.2529173148218913,5.114932754729844,-1.003814494699822,-1.4353191028706915,0.9335532751908912,19.2441633888644
c2,-0.9895748976520184,-0.010882278499110498,5.1551044476119525,-0.37576624879999815,2.3868264185201267,0.5507136831471829,12.098205560532248
c2,-0.9423712587118704,-0.18193816715283795,4.968417658926548,-0.6780522488612951,-2.8349950050845276,0.7845592972379413,10.52924319375482
c2,0.00014086378717170417,0.04944900092324822,4.946963255792457,-0.0751168897695644,-3.7305346199536595,0.9203877570106888,16.18027360277437
c1,1.2799599442960807,0.12915714219804997,5.021999241567045,-2.2066254024838874,-0.07997807794327547,0.5807022675459966,16.401682683465058
c1,-0.39281401008077127,-0.007965344347157455,4.708445897671008,0.8648771163370418,1.2460014929612067,0.9757211561750427,10.38826539152582
c2,1.9235114299448266,0.012907085968837606,5.275396518089348,1.0409052218765955,-1.4729844170516306,0.7694862115516062,14.068044034345196
c2,-1.1511668511212696,0.04878697861182957,4.720644325386414,-0.7593608582707905,1.2451013992035629,0.036171143664774696,18.898322122699064
c2,0.6186183654714423,-0.12652718729920132,4.995762588753104,0.2501395254459345,2.2960051430744346,0.5249075256352894,14.950327391238247
c2,-0.6738914105359392,0.042462653735530154,5.047500578120431,-0.25854936241135773,2.3929514523203004,0.5911537034730096,13.946110122274185
c1,0.9611397534390149,-0.1707579589224686,4.830042514361627,-1.538197419288939,1.0524561415756932,0.18384282894259418,12.40829163793408
c1,-0.2045506156655121,0.021825799925748512,4.6438011080383585,0.4166491006811638,2.3197395541537897,0.05341430501220845,11.932453133205591
c2,-1.0465467642646178,-0.0363714895162115,5.025203799461376,-0.46927337427909227,-3.5399943820362756,0.61256874896898,11.593926189490922
c1,-0.20112796166347477,-0.06049514022294389,4.936248922612133,0.5409287311905308,-1.81175978393571,0.20090386255540382,17.284437066622843
c1,0.8906516709151929,0.11013220255599165,4.800731185807888,-1.427485739683571,1.0323318833151025,0.9770370045767248,17.16362734590886
c2,0.03541702317778479,-0.03242450215292614,4.984488224825075,-0.010056397008059574,-4.080896987156954,0.07859347254034865,16.606695404902993
c1,-0.145933799986705,-0.047892355568665224,4.827418877245574,0.587080724602202,-1.3237136846365103,0.3169725536768382,18.339054433537292
c2,-0.25289627722587976,-0.15243016346207128,5.075155458049174,-0.054605740384180146,-2.5592452057796753,0.8222743548258343,18.0121005097777
c1,0.6410020343810282,0.035156057540291386,5.006696646309883,-1.317502977647912,-1.4722927987523269,0.6383341235147856,11.688418390127103
c1,-0.07565332856848632,-0.17178038252616012,4.929683579023337,0.3166368701901203,-2.1932711635599027,0.1036593697819741,12.643976407787164
c2,-1.3369919167483257,0.022499787112373326,4.8732909578676455,-0.7469824343688095,-2.315539180253075,0.27834585914435517,14.62440926987766
c2,0.747613205245259,0.13681403708356044,5.206171066143894,0.4056686027571174,2.548166599746267,0.24443068234444643,19.240535790571343
c1,0.5108573206539735,-0.12356771995182214,4.8527102374017455,-1.0117515103817263,-1.7932061494398033,0.007723377731155168,12.28782053876154
c2,-1.9722623815996134,0.09945995161085541,5.255281176001001,-1.1370353217847562,-0.10175557007295942,0.7516790427590587,13.58154895618306
c1,1.2318618751905122,0.044781680131071866,5.023777745937331,-2.1890575631904547,0.5039571681094484,0.9373214573124634,19.24722346387481
c2,0.9065433656336598,-0.02613284425536122,4.892931911909751,0.5315917383378527,-2.9561424298591787,0.46498002872240807,14.282826252321234
c1,0.493458562701388,-0.0019941198016368844,5.02461142847522,-1.4899629626936366,1.3867866805883489,0.6996044744217516,16.17926170641151
c2,-0.7557904731342202,0.010240035287168325,5.375186856902659,-0.5394254285894391,2.2908824556212966,0.4170016109159518,15.639676642790466
c1,1.0086217655095535,-0.06119888091151715,5.020559789863206,-1.4610463226024886,-0.6092094971468042,0.10393522054539783,19.753336301480353
c2,-0.5070471909997087,-0.05021026366313386,5.225516126733684,-0.25950692291181804,-3.249994603447983,0.21002488450381884,17.76744369865597
c1,-1.116734681331617,-0.14591000720213643,5.434933127311593,1.9022805579062778,-1.0203491280894856,0.42773270376749617,16.875733384798664
c2,-1.1862805953586946,-0.0939841048956449,4.836768393387153,-0.6360508118127585,-0.9590447117973678,0.18067037399257468,18.28712667145201
c1,-0.7041221559371519,-0.0030874433131327095,5.228524295936154,1.3308759271094313,0.6015380107184982,0.9266901294616667,10.430119079938565
c2,1.5546600646865016,0.016243020353648774,4.8090644980989765,0.9537824074726542,0.4423897042834533,0.7553418262481036,12.053877934061324
c2,1.5929514333520471,0.1283613722654735,4.682543927434743,0.8912671424520593,-0.09986702954808784,0.8049648758976468,18.208726983570962
c1,-0.04680937027361046,0.02372837488989532,4.642517832865693,0.6176566981239703,-1.6461735491835956,0.6695192643674268,12.753489992544509
c1,0.6457300492302834,-0.18973979468225188,4.877632123456281,-1.4255360233704117,-1.631114221433325,0.05184079061355351,16.56064261558199
c2,-0.6553353301227043,0.12036576160363488,5.092682732891794,-0.28747080851019635,-2.9127091999162795,0.10819313508501427,12.677775496252774
c1,-0.031002196932436114,0.1156341565928809,4.942929542770963,-0.21607687197024725,2.171329536204079,0.915663463844782,12.74438600219504
c2,-0.7101588604150445,-0.016049469815307305,5.330375252703515,-0.48183842602693505,2.0361667591735757,0.14739016992467247,19.54185929384296
c2,1.698139954989055,-0.021050027841738483,4.821447443766232,0.7627319923138535,0.0326634714913871,0.3441915451099897,10.625414304775537
c2,-0.17544153873800264,0.12898914881044732,4.965781916390816,-0.14742685347718149,-3.8972410612035486,0.022965358991067553,13.232788772489265
c2,0.4609220847324339,0.031206177096365195,4.788256561607517,0.27049641586262296,-1.7106710608517302,0.2733522762749123,13.136746258814595
c2,0.7628273123707497,-0.08747859035179317,4.781753685088738,0.604523938243557,-3.3360436715938757,0.5987551974504752,10.538077071416001
c2,1.1360507402788353,0.03668292343066426,5.046364960521315,0.6271227099747587,-2.700270049237815,0.6264517306228083,12.835458213220035
c1,0.4816138072383219,0.029316771537542863,5.205323607750669,-0.5934554316964382,-1.2900868740307505,0.5941851663377592,11.407507197762435
c1,-0.96445122461515,-0.08072850066405834,5.121570954705478,1.794189982612315,-1.1486081069015117,0.08546923114895377,10.700931947261937
c2,0.47120329116252085,0.04264376268114489,5.026763005463637,0.3926028986812836,-3.601624018020168,0.09479179184326425,16.498476594293138
c2,2.0317572590790163,0.12990415716981651,5.222869590731483,1.0319056426989266,-0.08597053655382685,0.5123827659836288,19.573306402903675
c1,-0.08519130950546752,0.06687515382839848,4.7088887337711895,0.07645333696199957,1.7375756169263268,0.18030858771542446,14.457768054431245
c1,0.8708048003210861,-0.12728295244837007,5.090272850357998,-1.5167173254866573,0.9105915848473375,0.006035153312014319,12.48830999260045
c1,-0.2395635520033499,0.01217677119195315,4.927403442382608,0.5935117335106005,-2.8567508806157993,0.5001655242030528,10.892321548735014
c2,1.1132728366548912,-0.043970516314459474,5.230960696686065,0.6244242902295917,0.3035615017977936,0.3340383833203343,15.876522709946574
c2,-0.41244859628396235,-0.0509758708232777,5.309475738976324,-0.2213341006741221,-0.1625470654747417,0.7835650813342253,11.257905758749127
c1,0.5512572803980808,0.018475873664337783,4.824908102625827,-0.8842456283042445,1.3392074348137375,0.056011840740158636,14.425585650110314
c1,-1.0458335705141353,-0.21091857238046963,4.976264838260655,1.8225589270011704,-0.28092713494553045,0.29966806715629,18.607693753237704
c1,-0.6875373403653685,0.055103375411166056,5.109184557252233,1.4276531316758132,1.247014368280373,0.9284431458488993,11.095923055207235
c1,0.958456700166552,-0.24492818452190868,5.0943405175162315,-1.7623297972693224,-0.6160342892827518,0.04645154298827925,17.440389515274322
c2,-0.6012918572838768,0.17594570023121747,5.091329628910571,-0.22727425109606722,2.89916942508407,0.31826683489219176,15.988337576312318
c1,0.796348257133487,0.08899832315974798,4.841435741249836,-1.6473647306635122,-2.191756361440812,0.24867875961380603,19.751506192609714
c2,-0.8807225743444399,-0.03189880488312724,4.71537535006016,-0.5165343526820982,-2.729805476063419,0.05540594421499412,10.281302237462057
c1,0.7506743287046385,-0.052944603553324754,4.84032635249121,-1.3133667337031234,1.468734745675818,0.640988558182368,12.399338058928869
c2,1.649080556644774,0.1415294270820553,5.37505347164089,0.8447775446391502,-0.1710758780005523,0.9799213704983976,16.544825522424386
c1,0.8854206438211146,-0.12026483602581628,5.206978559554955,-1.5700219349840812,0.7268675928109337,0.551198881798926,11.521516814254442
c1,0.053640259415838665,-0.004216452210515698,5.1996927195595894,0.10673871079163916,2.6450309572450474,0.13190308681896534,15.6622657844831
c1,-0.1273559679597793,-0.08655230522124668,5.031207724539888,-0.08029702730513051,-1.3963367616206699,0.8618401414267569,14.50841892173479
c1,0.9312304075974532,0.015548729086837909,5.050893454734567,-1.814202291005495,-1.0147756288265286,0.19572606235271806,17.688917082285194
c1,-0.67376085043947,-0.03492583426171336,5.169636104774548,1.1428400090578386,-1.9583476987240018,0.9578256231698762,14.04888699460798
c2,-1.6643606567438038,0.15190203107183997,4.987018577724575,-0.958784442480639,-0.6540521321630841,0.47033061727559244,15.94316730954678
c1,1.1322583774153192,0.21070219184227845,4.912041512854651,-2.334636789245112,0.33185830031538516,0.2512205535233275,16.798542696192733
c1,-0.9022282249999066,0.0429177860369272,4.884121917701891,1.5837026855674647,-0.4907142986149707,0.033223751754764,11.55425097683937
c1,0.7616120384249931,0.03832131495115476,5.32283395715545,-1.2715106354535857,1.4530300666099352,0.8615387233646896,12.099563798463503
c1,-1.146897574016677,-0.046274908712764073,4.856910535789153,2.0513569992815524,-0.11855992982499738,0.5951937757430006,18.282679851245184
c2,0.11668027402064102,-0.08918864305054441,5.054347680389402,0.0524720631281533,2.1289210811376575,0.14573428014500722,10.429207325488788
c2,0.23254572319833222,-0.29032424197535,4.920046856488708,0.09179196622043183,-3.7098867817607424,0.406797890423664,14.66262390366101
c1,0.21763511844139033,-0.20836890293809063,4.96180076206688,-0.6023228302760227,-1.0376032295137865,0.01215303065150275,11.143929250912896
c1,-0.4637466079912808,-0.12000520975046847,5.047555800669116,1.010278010735005,1.1073681224372462,0.38481521210416136,14.282167436406906
c1,1.2158121750503212,0.17055674653382447,5.052898722886254,-2.0395470243872915,-2.2215577603944334,0.8007768895701539,12.529842939332065
c2,-1.3349502090808443,-0.033864228370037,4.927671450498698,-0.8301630417976122,-2.949215474600509,0.035825259702153445,18.829445100676736
c2,-1.1969490563998793,-0.05538163239730487,4.720062868407106,-0.7570364947507143,0.6436602671641819,0.16748960947019154,18.402448847080308
c2,-0.9949496821465474,0.04510706426390243,4.9147570210400024,-0.6400020434717408,-3.4531470802993813,0.10343688154842168,17.867553890024173
c1,-1.0100711880392732,-0.019687162681471193,5.1882315561894226,1.760487066234934,0.7897605535270682,0.8898479669664615,11.736392719202705
c2,1.3052031536976036,-0.09295498280840242,5.031219505371816,0.7726569366599784,-2.0867564407953365,0.4845929787149853,18.818539622123676
c1,-0.39634769454828184,-0.15917609348438155,5.224027662820186,0.35977553206796675,1.7397666841215433,0.4664133466287248,11.689989873826072
c2,-1.3624279392951477,0.11501488659179948,5.004727576855228,-0.7347789725551009,2.3700940438676557,0.144132414728543,14.921576775711962
c2,0.3185618918751184,-0.10249452990274222,5.215300739209146,0.20977584798703494,-2.8446704624330987,0.7607129758441008,11.515584058972134
c2,0.6050407975537573,-0.166806881726961,5.059032504215006,0.3833646039688216,-1.3247014604460867,0.8996517732335789,14.538918575778698
c2,-0.44929157330832403,0.19333187437997879,4.929999573317231,-0.1997584386493204,-2.7112599788833958,0.06311452616858226,13.978272255891447
c1,-0.22426719150324276,-0.074037002155114,5.056489084881636,0.22646030484107743,-2.226276884888849,0.8114816756226864,14.878578360601093
c1,-0.3077541737064977,-0.06487058958258274,4.835377001554842,0.5024458364849609,1.7444194420008514,0.3663218323268268,16.736904706633595
c1,-0.11480321444597537,0.01782935216344761,4.8609328574942525,0.35526599226929895,1.9605160709237028,0.8683545465470995,18.135016030995704
c1,0.09742639453804779,0.058522083597971175,4.970173817413366,-0.2208698088842398,2.1856162088465423,0.28201507253544966,11.505818391708003
c2,2.270863194851846,-0.007053643965333478,4.618893381284019,1.25620634951734,-0.3899979104809595,0.1786339424425517,16.509952198141626
c1,0.9303921569099346,-0.17897089299933633,5.132000825255882,-1.404311676395931,-1.6141065889382507,0.8330719410280565,13.23678860062358
c1,0.7851514847076929,0.04517414268587672,4.492204677290408,-1.6034540707474685,0.0627275110832227,0.5513697405698595,18.851026030520444
c1,0.602606360184524,0.04433226628280451,5.037443956299419,-1.4194009154287466,1.3910618835280362,0.9124559479936477,14.30653657972808
c2,1.5716196894508174,0.14813010621425704,4.909229862604423,0.8211332770806538,-0.7723355991260572,0.15731883227694132,11.803762378221753
c1,-0.512615353922941,-0.1276099033722442,4.8359360600438155,0.8247088982623393,0.20014019665484373,0.13396238858908538,15.629909365665727
c2,2.1664167361446647,0.06475630163125956,5.091416178813373,1.0288767768609317,-1.5053920362314015,0.8703878969654403,16.8227880193335
c2,0.2111859926407745,-0.005155446410023856,4.752442301704566,0.28263040362258307,1.7468855177680773,0.8764865397459928,15.282751057083289
c1,-0.6132008044189543,-0.08781066837520868,4.704046272190625,1.3291943319417652,0.7911554025234655,0.6113065251243083,16.140837061240006
c2,0.597801359916322,-0.13773418605369692,5.050733568497054,0.3208138356836965,1.3461108459765823,0.6734017201412182,10.069363637027553
c2,1.7472903792581502,0.2088581109019838,5.278979719332242,1.0387327217198428,-1.4178841659520356,0.06811667031619195,18.260803152509336
c1,-0.2449112713314486,0.04474070154312493,5.07433010733327,0.39383781533059165,-2.0470339090314176,0.6801540388435202,19.566851050340397
c1,0.5855983499657312,-0.038423909593658934,4.9893588171554555,-1.011724400245203,0.6465312719634061,0.8052007781868591,16.279031038414345
c1,0.5743818847869475,-0.09100048808725347,4.973677338342204,-1.2589221393759924,0.8837161875190876,0.060434771150069566,17.56225973256387
c1,-1.226925993808324,-0.16123663634783547,5.197067639658301,2.217938768411605,0.11384656389988623,0.1294067763000175,13.896614693897735
c2,-0.9778870300864841,-0.08708009857013721,4.946732442092435,-0.5997118811266039,-2.309165268398046,0.05747405377634629,13.26170740957013
c1,-0.1247262558360341,-0.02639323535442628,5.021597139949846,0.12336374956643602,2.5402641286819176,0.8722368737101626,15.376620593163187
c2,-1.0495993831844415,-0.012213770687457881,5.233546815255441,-0.7183489131355495,-1.2243243722437223,0.7471841958222537,19.25937098559495
c1,-0.07298674445312409,-0.029409519333537304,5.265394120982403,-0.1378214940558207,2.211716543043781,0.60928332295225,11.065979457759282
c1,-1.048647421751548,0.06060840287622682,4.996200511265561,1.6255318564936598,0.7868555883232712,0.43600493575253985,17.920140413931147
c2,1.6044232954827002,0.04586766461009262,5.094731956116608,1.0476507762141891,-1.0761863404811904,0.31508063901389205,17.508349377181695
c1,0.6090230010218619,0.08709334816630765,5.0509702187471825,-0.7902933356686905,-1.5663563281017925,0.39094580663601397,14.777056450272251
c2,0.012595763638677959,-0.09780027097979627,4.699456489119449,-0.01610274746732316,2.04931680282919,0.693950376906244,15.914172571927107
c1,1.0943497642646611,-0.03555319408011748,4.784190079310215,-2.0014576680894782,-0.7464302307301978,0.9447579095083881,16.060200736317604
c1,-0.5845095461888983,0.06416104471757578,5.034817503841446,1.2856747435251579,-1.1498117407849764,0.1049283348332769,10.373006881672257
c2,-0.092439123043342,-0.12676753430224963,4.896083383296749,-0.048734894171841674,-2.8989077319652408,0.7068270996635985,13.657426137383354
c1,-0.3530107363186701,0.03698110811840749,5.040394019743007,0.7303332694245424,-1.5701627737908508,0.3647353841240212,12.013665794127936
c1,0.5710424062973228,-0.11335077501276736,5.135878674109208,-1.0306719730422422,2.0511367434080396,0.029288179207757836,13.430636638956361
c2,0.25018080390019315,-0.0955826070614485,5.262519768460837,-0.002932728813418834,2.218407362036145,0.6220416225942397,11.234660501865596
c2,-1.617574214962371,-0.14714773313336416,5.077910902400932,-0.7977789189003109,1.4287237974293971,0.5689867472853387,18.873886267739582
c1,-0.6655117082505072,0.12648891355392244,5.298795382897757,1.1193374421358881,-0.0785985323208705,0.9519239103626111,19.150310305794505
c2,-0.26262676111983185,0.002293964378512925,5.069837408051512,-0.06724844696980314,2.7068341720475417,0.794241694968291,11.905118104062431
c2,1.7293773490609212,-0.14880993002901022,5.143307282296171,0.8047991558690888,-0.22397159325346427,0.10568829538296054,16.28618057098383
c1,1.0412368919355168,-0.05462216030007916,5.223352841575483,-1.7222417895756912,-1.0588577534342938,0.758498763950549,11.70731268047789
c1,0.7177387184026873,-0.022406497320968555,4.919516371022659,-1.4374936523000998,1.536873753413377,0.02358439231806997,14.745399067829714
c1,-0.6268780181158696,-0.021607196728661293,5.239036451637635,0.9872200870153858,-1.403553046820474,0.9512633631304425,17.15646631266154
c2,-1.5388766390663546,-0.0892168458758249,4.940406104496384,-0.9286740900224288,-2.919525038558406,0.4478411175645014,10.273501126270997
c2,1.6894548482652987,-0.06525207021251234,5.008782354464581,1.1005237038378282,0.11656073331751278,0.3004936124557066,10.321326873911271
c2,1.3965358896058164,0.09249959949412201,5.012105620242349,0.9167706470168603,0.3781816898743783,0.8349576395219246,12.72887843605757
c2,-1.4177106010232332,-0.11181064854060097,5.147500764047684,-0.831566480388981,1.2272204275008494,0.548150578933085,11.069853195222429
c1,0.9377648530520711,-0.0013161585194971792,4.912240710383883,-1.5998571430862745,-1.5356497310901278,0.3515211511458065,19.83961266286513
c2,1.1910532654534176,0.012964877662534846,5.212765894616441,0.6973737400258351,-3.265330737649127,0.6419818305307845,16.633508269446846
c1,-1.1483219426916536,0.073717158361287,5.136632165010487,1.494615361926972,-0.7628247875431936,0.42452638528306785,18.460872783592137
c2,0.6299503671716763,-0.04015899611880691,5.041858845332863,0.2795016313860355,2.603137640120843,0.29866977260926886,11.53159209043314
c2,-0.5439083862254926,-0.14240980292641048,5.010387229424534,-0.5348758753622919,2.337889873289542,0.21960832199538471,15.162674036138213
c1,-0.4147763508864465,-0.08823492013412881,5.263216931766036,0.807920445142666,-1.7556793473437111,0.45549517523165817,18.34078323021426
c1,-0.4361089828165808,-0.10153564936654824,4.997059710559107,0.5827899118965667,1.980953782783068,0.000546149928799089,13.726248899583318
c2,0.13613137527195995,-0.03250357864578035,4.983260872963099,-0.1471485602017889,3.0689387876509113,0.8474239305584659,13.330863770953192
c1,0.8204624336557349,0.020476103287100145,4.966515985786297,-0.9532964232339496,1.289342075421141,0.20277290484316735,14.138703459344713
c1,-1.2290777139737763,-0.014620564062411745,5.13476918007355,1.9621514729517695,-0.7918393425313288,0.9432352777124913,18.659281691396302
c2,1.518921214344382,0.04674134740097813,5.015013186088599,1.209959689993397,2.0425359672583,0.9061610582054896,14.445123600844315
c1,1.0277063032246372,-0.10548696618591435,5.105307611424589,-2.045210556735837,0.1465690708844922,0.11876479277850649,13.026671599701505
c1,-0.0285801080156919,0.10223326560869594,5.176328767304223,0.22541100649675558,1.5288522616944304,0.8903761133905173,16.206814074597737
c1,0.26126415573231915,0.08050586038099361,4.972368349183736,-0.4187572084634682,-2.5552213031741524,0.15752870080440462,19.03406068424315
c2,0.7826785831471781,0.0024520030789485503,4.937239312737285,0.48796272768812027,1.2435974853985778,0.9133189317696201,17.160577116521175
c2,-1.1305644975019764,-0.011482266188780343,5.073107880901073,-0.6584069496533813,1.0455035764994078,0.44265862806208456,10.747558050904745
c2,-0.905116721010387,0.11632406799772177,4.998976279965147,-0.6199316701467845,-3.4353851240523126,0.25611080506615835,14.340277931092874
c1,1.3199910490721278,-0.1327860793415674,5.150518582268035,-2.2214330739956436,-0.19780161947397623,0.21477035685392065,12.041650488599455
c2,-1.0697744195429137,0.008792981449493809,4.881660844575395,-0.6891334318527155,2.9060736315610307,0.05030293263739771,10.435741376629963
c2,-0.7303190112156097,0.08989917044827855,4.68746156591592,-0.39942770383424914,2.1040865117168472,0.5553207310860798,17.666222751486067
c2,-1.5427601452568436,0.028791245915780195,4.651494552572929,-1.027023469871466,-0.07878276165569056,0.7826861107988673,17.911441486455782
c1,0.9454408467444813,-0.12308787777463337,4.931363774165888,-1.620185777855594,3.0382265731506943,0.17501313144405506,11.585919850509766
c1,0.3150532513541128,-0.14066098971446195,5.1457795490993306,-0.7506453933645386,1.774051885012322,0.6234913986266356,14.470043713461848
c2,1.8157132541631726,0.17731044786013328,5.043524470541342,1.008835432310135,2.1632559831959233,0.9264982932910285,12.041662961397492
c2,2.0627155104865933,0.022283227074218814,4.904203777656068,1.2913513399080203,-0.7873814670201688,0.9775015992315756,19.825105754341493
c2,2.0946768774021844,0.15332953783479297,4.9535273530481545,1.0993654947351235,-1.9134805892518392,0.5320486051267272,10.123691989884115
c2,-0.9164759056209898,0.09639377003442462,5.246611552490814,-0.3897045727623161,1.5914585193743944,0.7705609008375148,17.729476730214877
c1,0.08837779361583549,0.11841131720192699,4.816648644000792,0.20107574740401113,2.011038277211601,0.06555327714227466,16.926067333105912
c1,0.5224279159703573,-0.008779358328604658,5.180816193127275,-1.0422441310782833,-1.016018539577182,0.9327086971096864,14.842694172725356
c2,0.0225107778429838,-0.15200788231542006,4.87465696714025,-0.17041859829058476,-3.1515108619824646,0.5597199635687871,19.820557361523775
c1,-0.8844601779010786,0.05669767798056924,4.944031621682735,1.600045434786971,-0.9820418325891878,0.8053973410451223,19.948826508693294
c1,0.803696364659785,0.08789890523252097,5.030413118859844,-1.1909223179547406,1.945572327190796,0.8530229574466198,19.487310967334203
c1,0.4888147944846845,0.04053101000591042,4.73841699162872,-0.7343401706126892,-1.6560839928658218,0.6955743960036675,14.967726516370401
c2,0.8841025069348466,-0.07797014929152724,5.163881789278578,0.18680357048132348,-3.349568465079049,0.4985034234636422,16.434557993435007
c2,-2.2155482351159614,0.054099784925133676,4.81486949705511,-1.4690319183816676,-0.3885821465673341,0.5889538052539477,10.989960952430144
c1,-0.7730219923650201,-0.1018968454078184,5.238289276406961,0.9452097465631696,-1.164522699783847,0.4318434483579192,15.611565472579109
c2,0.2679988925171359,-0.0898094802664513,4.890972879643467,0.1361010480609236,-3.703233639168583,0.4921046169852815,18.209042631758628
c2,-1.873805179375228,0.08674439122293087,4.727553702294542,-1.05380574624393,-2.0412367882800018,0.9638964646039914,18.452543810830452
c2,1.5152948408400553,-0.14246479850083027,4.749434104726873,0.7931206111122676,-1.1634894212396296,0.162949139648499,13.978341260602889
c1,0.06074690921598056,-0.10510097208127434,4.795031829641332,-0.0019569329796167343,-1.489817701949815,0.38119154910531583,11.133243018918776
c2,1.520937212038641,0.013582394027629618,5.2343976780326,1.046088280538398,-0.9695212200751654,0.0785946334715173,12.027353852411377
c1,0.8183624443917353,-0.007295785212882322,5.173578967137438,-1.6034982312606931,-0.9455497026330114,0.40944554382868026,19.730748681674704
c2,1.3476798690442862,-0.19787213275231608,5.209314150086043,1.0353068900534215,-1.8348772491907592,0.8952159778213038,19.833238568808426
c1,0.432182235019711,-0.15521167121995383,5.155243357220651,-0.4841888585824577,2.473463613128639,0.9166819853395838,10.205564290005407
c2,-0.32913364528670486,-0.13602483419879263,5.275376268015744,-0.40374777508087034,2.077371341890234,0.2735026594084762,15.40314423346737
c1,1.0552556166320106,-0.005751350481613571,5.050997628726131,-1.8457078714793453,-1.2383271669760223,0.46419431113077103,11.915487103869111
c1,1.1347818971068664,-0.03830210163406633,4.720856300383721,-1.9359470337219673,0.3381570263418812,0.7945730905639732,15.709202823449253
c2,-0.38785548638416656,0.03530664550444129,4.806296952453218,-0.3920814225528283,2.385262089386858,0.16390406586533968,18.557011927984842
c1,1.1222344962711082,-0.09948376246368973,4.898125219491285,-1.9991425237968488,1.6384661990599583,0.15062294727227976,18.154779272655773
c2,-2.0334070071766153,-0.03121362626512969,5.070908265551205,-1.0963765475162894,-0.9042650729922602,0.415283751709976,17.625240440724255
c2,0.824092283168048,0.14930209728646737,5.208157390891122,0.44362829140232,1.373859344552413,0.30725866151875236,17.840142047394338
c2,-1.0595196936722702,-0.23356028466546164,4.746440209544972,-0.5829138684553573,0.43541706779692807,0.8772811481381302,13.315152756314097
c1,-0.02318322165438463,-0.11907583916922526,5.132442128204179,-0.021429625853887836,-2.628332676731154,0.6957116986384921,10.194564830875393
c1,-0.9465071434898509,-0.1175451968629595,4.951405482661451,1.6363004846301303,1.5852176565602933,0.25405251141422847,17.013563777797124
c2,-1.205584768479863,0.17437357515209584,5.3365526317635315,-0.7273658070586162,0.15029437763697623,0.3835891956219779,18.867220352126516
c1,0.3825902692190864,0.08092365917450195,4.920349453065243,-0.9343070034852397,-1.6092392271770493,0.22254380630870307,18.141336521373034
c2,-1.428793825470496,0.07036584055477668,5.362734272553196,-0.9451758647416746,0.1486594408642655,0.2001473327576242,11.170739278822627
c1,0.19752132558088442,0.018653581649680007,5.055856961104772,-0.21357308845873368,2.430923798616293,0.23997111032387952,14.938070894010876
c1,0.8501818677402058,-0.013078253411110907,4.986793607953782,-1.1438236970540232,1.776708253849085,0.08973333728866495,12.270136610376763
c1,0.8444416875376579,-0.05553800993749114,5.028636732972682,-1.3810536919283132,-0.7585702026417471,0.4080624935058488,13.733238357269562
c2,-0.13165767419895139,-0.023733631568859437,5.1428526608485425,-0.10893862428952786,1.9424831428030982,0.27795884995894726,14.664098938821983
c1,0.594822162546534,-0.020439310128448795,5.11767954415507,-1.3652471824622012,-0.939233320405424,0.9716739984135999,18.551436934616977
c1,0.7935610107120452,-0.0528854626369899,5.099572163238762,-1.5128862756341814,-1.531728381578421,0.1633019955461832,15.212014390019032
c1,-0.5657755104768479,0.13770479791643453,5.350524236996903,1.186987041664636,0.2326018110768942,0.04666419040144976,16.696117954765295
c2,-1.2296189340452033,-0.0802085897649718,5.014649267816888,-0.7631989790613325,0.18834466667514582,0.230737091046042,11.821298565623657
c1,1.1348694029421715,0.25179684698584914,5.217020036377484,-2.0222465762593202,-2.0042133437247838,0.9773661501283992,10.670253626573178
c1,-0.5532165545005598,0.11170813870919893,5.119474500132459,0.9624619029845515,2.6250431187538057,0.4104911500373355,13.499160976910542
c1,0.2748055692687144,0.05220833935937641,4.877901621987308,-0.539726549925325,-1.9542213954675878,0.8024468463413033,11.836264196456689
c2,0.5517278795155641,-0.13423706313484196,5.245063762489854,0.4177954375221374,2.2085729532906457,0.9721298426473673,15.117822890697818
c1,0.15753245445434008,-0.24914918494962102,5.188947329882594,-0.6054244980804812,1.813126728570943,0.5212529459434472,17.065410613191222
c2,1.9877828668105382,0.0434650481623482,5.368475419541384,0.9913472380384122,-0.4561159367170633,0.22124090751572545,13.178625947583665
c1,-0.6081068046102817,0.03198371720629822,5.009262787266727,1.1681474250011694,1.685395989327159,0.613735118043617,15.201733171274482
c1,-0.7414180093358574,-0.007946245976659938,5.2456537921890805,1.5100028356904571,-0.8788590364235978,0.42951377035240756,16.423237564715595
c1,0.723419376821305,0.08189661206799848,4.999263720203263,-1.1180355970351983,1.7115414170449437,0.9296067552458774,11.157958175555539
c1,0.7473146146513684,-0.05891568003655756,4.736364252203308,-1.1962368464097373,-1.0591117061064559,0.30960444975509316,12.62889363177226
c2,-1.6104038721893008,0.05224746940682223,5.064023369442297,-0.9146511372597388,0.36683150708873713,0.47594045817026553,13.548518712838897
c2,1.8079217474325309,-0.14957087827310112,5.25467675262417,1.147192973801808,0.4606943419332247,0.9447525919477825,19.889276635073102
c1,-0.6049001155813385,0.06352587605916327,4.876106624778667,1.1666021809848537,0.9880161070347322,0.5057291727984542,14.067682075056764
c1,1.0502970857846405,0.03989040711032921,4.543821500204606,-1.6672061222439423,0.07724585402717987,0.7429613132720123,16.10988085717264
c1,-0.6692069073362085,-0.017740097649456388,4.780883432952632,1.6068334992313766,0.9991407299586512,0.655916588505397,10.352045678828071
c1,0.3449502635839836,0.039445765961424684,4.9965367459557095,-0.307562976104247,-1.4628688371674665,0.10716885895876149,15.980557102318738
c2,-2.0845300017007955,0.006124302456335329,5.270278408655514,-1.1286403563498908,-1.4815895534587111,0.8541301110807673,12.056271395248784
c2,-0.995637415655412,-0.048401040464543854,5.159455359627571,-0.6987422989411821,-2.390350703936116,0.6772921199490668,11.33462847730151
c1,0.25976460574891924,0.024328115634682845,5.008454454487127,-0.36991847067348704,-1.8862357324329928,0.4621540879529622,12.426807317452726
c2,-0.3366295757181359,0.025256625137581423,5.127376719802081,-0.2888172115965199,2.639752705035949,0.14141322641691745,16.068387786856878
c1,-0.10829284063392844,0.27163120318295597,4.766076761878962,-0.10343870566780146,-2.3376983348039784,0.9936620168451439,13.457911668082602
c1,0.5781272561678285,-0.060928103135941214,4.924989697756032,-0.7425779879290875,1.3870453089126416,0.08317888472244028,13.798689151505496
c2,-1.4947475830177577,0.08117550849673272,5.097653782987677,-0.8758958539301827,1.9638146388298139,0.7682375306531087,10.003490399520325
c1,0.9397252778640429,0.13029575769844826,5.231830433945778,-1.520694956917579,1.0872287045768163,0.0800142918333765,15.025162226237132
c1,1.065046157466583,-0.03462825468136366,5.415516726038688,-1.67287641132142,-0.6553027070090202,0.13413122608382666,11.458603788776582
c1,-0.8278895997464685,0.07317457430494656,4.883056204414933,1.4004683664061157,-0.21989816500128437,0.5957409343355022,14.917015002304037
c1,-1.311598948078923,-0.11859582586533612,5.120112439968668,2.0118321258226737,0.9301299447963769,0.76959628028895,13.81278000704171
c1,-0.5339783953765138,-0.07275990186795589,5.049212899149139,1.244471346649909,-0.9083786881208177,0.9547500815785529,18.31958462655025
c2,-1.5323135366476377,0.0042201891440249995,4.926847948429121,-0.9830522238969469,-0.014530159751818126,0.8526648922617461,17.014090573518246
c1,0.7209168773209176,0.04815352700555664,4.956826823392072,-1.5675398698837117,-1.781862917291026,0.8245133689633699,19.889049648894222
c1,-0.7393157223425151,-0.06810876116727194,5.118832209764468,1.1344507044592091,-0.11106908137060874,0.5152024430338624,19.986809421991474
c1,-0.8610886678734371,0.002035281974736236,4.806894285033561,1.5578003371848599,1.1559055237067746,0.9649348970881775,11.300524662171473
c2,0.8205991259878538,-0.10697262264448781,5.085749112183209,0.44327063266730077,2.235377414220709,0.2868170079263982,12.39296442272222
c1,0.7882944310255923,-0.04216171004527958,5.079884650662681,-1.3926641350704048,-0.9385695027584068,0.5854885138539286,10.415376207470072
c1,1.2012433374813087,-0.13952811070953075,4.772770717374802,-1.9479117359833802,0.08301382613695744,0.854031154881324,13.608244108825115
c1,0.9500492357808578,-0.033355146357139986,4.91462111923774,-1.59811777335472,-0.5959907599683782,0.5881901398296265,15.241918274365872
c1,0.46370367890582725,0.1122941150151604,5.422441872354831,-1.0349642554761471,-2.7761716256900866,0.5912804077246798,10.801049653321794
c1,-0.8638692054214339,-0.03538778587608782,4.81722075918517,1.299780263695284,1.1880246731730624,0.45497702919766514,10.749404648550726
c1,-0.41907733296379207,0.10856621838448532,4.8542621687361205,0.7238346672148575,-2.245482168547151,0.8154216728459398,19.519456638460817
c2,1.9266586776823427,0.184253595208407,4.870326708889006,1.0144426789428946,0.0871444396320373,0.8797372301824954,19.767466101597915
c2,1.7727543505018706,0.14870109384104602,4.762703814062545,0.9563689767950816,0.547608778033506,0.06255691461020818,14.772570828978845
c1,-0.7232529291736435,0.05890257516308672,4.726968986098658,1.4687187541398428,1.8689089252184774,0.15476225530333754,15.713674046114194
c2,0.08026694291540216,0.024312478220943845,5.2504687030531905,0.3080980954639418,-3.3103364197293508,0.7235683730621246,12.041751142357494
c2,-0.9876211339257186,-0.18531985228569958,5.149702586522531,-0.6134309392184827,1.1946452491135966,0.4092713266853534,14.197912350470983
c2,0.6168980233806897,0.06379759815526498,5.035895243101555,0.38127797910910854,-3.103269727386795,0.5234475546167775,16.411278504912474
c1,-0.8871758510578052,-0.06068622557157255,5.107703368894856,1.650034405518958,-0.22751588471500445,0.7028757657152791,14.388643753412534
c2,-1.7032220921820158,0.009761790040657914,5.046575164890414,-0.9093077340398302,2.187887355118407,0.38882176664517953,14.30818846259955
c1,-0.14339300006267067,0.1594408430705787,4.647544223565205,-0.10448368912188248,1.2855301148081826,0.70379772336876,16.60397586695824
c1,0.13902272608140087,0.10441803720366671,4.744882534982768,-0.3071811442741283,-1.6372503630210486,0.39174818733508865,10.729933099213214
c2,1.1836823732388728,-0.1516971989512914,4.917452870322322,0.4923082967318845,-2.819917341268845,0.3677743410782335,15.78555552145264
c2,1.3607941944953195,-0.01686900397532831,4.69761246648427,0.7101148450502287,0.40756388772075547,0.218282748713993,16.705650458452972
c2,0.0023891627209733793,-0.0137190971465877,4.968100014228005,-0.1265084018371335,-3.49727031153694,0.6353141039434679,13.082710675812693
c2,0.9799204024911878,-0.0052006804214546065,5.040669868769674,0.6042758642784095,-3.2366434363640004,0.8804720212869082,18.60748136536136
c2,2.007232053402968,0.05696380041710292,5.115125480900731,0.9751656953766021,-1.0789037442949307,0.9593822563605665,15.017774625005892
c2,1.0931351738484767,-0.00028063176418058333,4.922106630309652,0.6871036369717113,-1.3899047675627045,0.6855181591219264,14.8957964585186
c1,0.6780491001525801,0.06327643153978357,5.028760730980646,-1.2488784083727416,1.2334830859725538,0.3824670743716131,17.66843837937561
c1,0.8805423365763713,-0.2262455087616786,4.918578915724834,-1.6719203550310389,1.721601554024922,0.6024374062474949,14.363641349294252
c2,1.1795758869304689,-0.003922973733127222,5.109235636696798,0.7128508217866968,-2.6953331097932507,0.001971121070307058,19.01179254386112
c1,-1.2099658613255613,-0.02238784361509083,5.0701422005073224,1.8275632714898906,1.1471567817211565,0.12395310788552083,16.753721946339475
c2,-1.264468887250631,0.06168393876981959,5.205419084687915,-0.6788931380627609,-1.2969693405865341,0.17352544166121708,14.430006601170561
c2,-0.46045331584089316,0.04879131822453431,5.128508397046599,-0.27230468073497344,-3.608206558102669,0.4676204786258933,18.574847559321395
c1,0.7434737635772778,0.09146331670369356,5.211310530384014,-1.1299798653385864,-0.8049659976300839,0.5892642850579971,18.87221344343464
c2,-0.8498045804320288,0.21796029630714742,4.748493046079369,-0.41191881386614626,-3.062109777477856,0.8924975770827143,13.721102961308523
c2,-1.297706341540721,0.009403707210568157,4.915536016488592,-0.5262410678678733,-0.8829245943263047,0.621032589853983,15.45580227617722
c1,0.9658020282156596,-0.2518743413435338,5.109191943566172,-1.5623466399910886,1.0386355334537563,0.6726176054964084,14.83266381750503
c1,0.7743031253635005,-0.13432696898305352,4.780024550221272,-1.484190525033783,-0.24542918549064177,0.7901239207164239,19.936509365520987
c2,-0.47364293305281296,-0.02930357811610307,5.011252693905347,-0.31136164859070964,-3.322367410012822,0.48084522160454757,19.017685409844557
c2,-0.4528031696641624,-0.019476484970079255,4.953655337331751,-0.2823924352280851,-3.590896377593666,0.20538675415667262,14.13074200961939
c1,-0.6076274355964982,-0.10778356726916627,5.09417976078138,1.198359597495271,-2.2176252084200505,0.4544726006938371,18.55022731705915
c1,0.44865503975496107,0.06990150973048159,4.650420854356888,-0.8710693462110511,-1.6159420208505515,0.4313017674351327,14.401468791071554
c2,0.1572739056824958,0.059876866832084374,5.162124365976542,-0.07364980894214238,2.713833401589283,0.7044769205563768,17.802793929778524
c1,0.8625415002766049,-0.09977071651871228,4.995966669955296,-1.7647823047972355,-1.3555342617602566,0.2054102100392422,12.260540960037048
c2,-1.0930875980669665,0.004669250890682264,5.10310363104613,-0.6882878730127822,-2.3588137844835915,0.5384447997578031,11.463854992179304
c1,0.8052125192518795,0.1024533340231244,4.927178997458742,-1.224132801267067,-0.5043586636129863,0.24767387264554064,16.13738380600621
c2,1.3902189433937069,-0.0024928258659127067,4.859741394053218,0.7605635060813118,-2.8653975614603384,0.41471623790773426,15.025247484148508
c1,-0.4310696979508422,0.10293850137689553,5.072774438388564,0.6656765825096858,-1.9171548808772596,0.9136928915144458,11.184472975474309
c1,-0.6504935138545589,-0.0069207191146336555,4.993726676339521,1.2786250244935058,1.6009662494004988,0.7899922437885541,12.273762186166708
c2,0.39354473281308566,-0.11418589465669804,4.927456761094188,0.5677180741968204,-3.987429435667922,0.9357580064559068,10.149834944011062
c2,-1.0114927084406375,-0.10646870609904724,4.851270156999303,-0.46262935007547823,2.1037361478723144,0.8845839276112408,11.891473834933935
c1,-0.7736807058433717,0.01525736305123715,5.44581056969262,1.5084089534849283,0.8933182949028211,0.40607775673264634,12.23896705607044
c1,-0.2672584510153469,0.1535576944031476,5.208200657073595,0.8370737316956078,-1.8690822289499494,0.6282262806133255,17.627106525209953
c2,2.081782057799192,0.09294351436838255,4.805348078724696,1.0451623151109057,-1.2165245317267823,0.6881339454610871,13.777622756351516
c1,0.7105115334700388,-0.17011123226317082,4.987588656311622,-1.2285360732695938,-0.27860022646194715,0.9899095069342521,16.97454890520737
c1,-0.479058365342622,-0.12253860843158648,4.722157819744737,0.723525159074379,-1.7969698169517747,0.2868109407243773,19.944970588819412
c1,-0.7991462609386155,-0.01507201857706697,5.339748113953518,1.3977098996037052,1.5626964564084556,0.5354718978836578,12.767111109345597
c1,-0.8531426138448411,-0.15934285725098007,5.208163524546484,1.6978610655622999,0.019912803751922125,0.28786387035985106,15.109685479068185
c1,0.5575427490944653,0.03378690622962921,4.922363494291872,-1.0908098175520586,-1.5747423357742565,0.6390626669461984,18.122426636824024
c1,0.6908318207584401,-0.02236973450773405,5.008903882496132,-0.8021247857412838,-1.3642867282895381,0.7958423090609711,15.743075002311366
c1,-0.6037406194057872,-0.062376647295931065,5.002812006513818,1.2380199050262735,-1.1624721939764386,0.6231889523438486,10.66694244036949
c2,-1.268787689271234,-0.15357493876639872,5.0551210267521,-0.7717282165313745,-2.476898977706114,0.18180192933684836,16.915455732787475
c1,1.5296213528165958,0.08330360226762856,5.055326844783812,-2.1201149253353706,1.1732578232758513,0.06953017506087833,16.628531824631537
c2,0.6823246977038109,0.01500641665511182,5.167797089352543,0.4975401020521741,-3.444671397396586,0.6852638838641333,16.30449384307356
c2,-1.1293654811702203,0.06564287892747345,4.938152995237167,-0.7635690765308777,-2.0869865440411544,0.4047310594314507,16.245356045615132
c2,-0.9269182095608887,0.0451049733961959,5.095466968561815,-0.5796413499167214,-3.0018960287374754,0.3251373777766158,18.00004529088286
c1,0.04195534653717033,0.15349047676025052,4.745216785068077,0.09820565198271612,-1.6922769709380354,0.9443014107315992,14.634350532012952
c1,-0.361867219361656,0.02731603778947722,5.153823667738187,1.0474389297961175,-1.3765085637781136,0.4318563189754322,17.57079675098587
c1,-0.5486525074218743,-0.016761091036293863,5.127677662022988,0.4795730686043511,2.1729171400459535,0.1088257390082682,18.326643353172187
c2,1.0867524467210148,-0.05072437926704865,4.335522745680265,0.6261646601503954,-0.925077148819432,0.12062567266094248,18.410630853250915
c1,-0.07728065008779367,-0.14498908511431274,4.681767719758552,0.3249611879741355,2.051389983177383,0.4269531531182881,10.300853401107263
c2,0.7266534963150553,0.030010719494230287,5.001633527471077,0.5782861232722445,-3.0033694911979394,0.0020055951640466363,19.74260172411926
c1,-0.3795643190162057,-0.05419531769136299,4.858887517436174,0.7817614503369916,-0.603946713760904,0.016334813402886783,15.943239380873386
c2,1.2778523894962126,0.0320104119406075,5.3909219943135485,0.7939114654064715,2.084438878066234,0.5809525170602979,17.080457801493317
c2,1.160310674598251,-0.01457080879080408,5.309495833669538,0.5301402045490566,-1.7618132190205036,0.10692473238642364,16.06566936338991
c2,-1.7797720587018517,-0.04854201274234704,4.752752230124591,-1.2448070631945545,0.1572633854662055,0.6573770716759068,10.648554650090874
c1,-0.7077131270259628,-0.06975580331939568,5.354347819786632,1.302380585006992,1.685061752296598,0.38828167731840024,17.88824846416685
c1,-0.12614534801844854,-0.22096596107349953,5.354361717161399,-0.09687076310342249,-2.17501043983019,0.07405590228967329,19.911573020424136
c2,1.3303811352950272,0.03572558653964464,4.592522540434024,0.812175304623953,0.15808947196048231,0.13042179160922318,11.943248765674655
c2,-1.2981090544658713,-0.09817702040534826,5.446782368729356,-0.7820798921966778,0.941369472908769,0.05919920967461101,16.417267700456016
c1,0.2908078840027023,-0.08947120252071095,4.856040876374953,-0.7042869454710858,2.3467682092755267,0.5473917041303886,15.937569693550381
c2,-1.735700994369247,0.15475709073268717,5.110284371132894,-1.0372959694798431,-1.8406057537276062,0.9440135839487915,14.119145309327667
c2,-1.3995342917434757,-0.22968947688350916,4.695725252433222,-1.0237121681846042,-2.46175865997213,0.5947934239693832,11.550467752870077
c1,0.6709332728789227,0.15334595375566273,4.80417071144935,-1.364075672662658,0.9572529954121717,0.547534725168997,18.383967063448967
c2,1.460097888665455,-0.1759746072638606,5.277680623993964,1.1248168233705138,-2.5847322134596933,0.08250130844640424,16.201627556720382
c1,-0.9096813372317883,0.17028767167763625,5.414893293328554,1.6092201037934033,0.7644769101473713,0.6988772564856708,18.550217873682968
c2,-1.1332801214865045,-0.11574948895678716,5.102816423322476,-0.7339708416785179,-1.5610799891433076,0.3148883434912616,17.678845079093644
c2,0.5279269479812753,0.030912140976001368,4.980103769204255,0.44160597283817016,-3.798114719423168,0.005969585917156683,18.392296866664594
c1,-0.7928078516409273,0.008310977015025145,4.745434175726363,1.2935061759462583,0.4517700254891793,0.703216434762159,16.819668129788283
c2,-0.0634366762199575,-0.04580805275352162,5.351935972814326,-0.11488654479779865,3.043945277702883,0.8220041523368119,18.477646867473506
c2,0.6106760195019852,-0.12888441981461973,4.933384407461775,0.5161693538809762,2.3337290223950466,0.9858179846427392,11.40930835677574
c1,-1.070302562245167,-0.09303040165437082,4.886258427881294,1.8661935316192335,-1.113379317870641,0.7337335942196493,17.16203177499998
c1,-0.7027720894687104,-0.09662987903585218,4.740736795967188,1.0503812725730282,-0.9723230473438386,0.27849707845133276,12.007062879859044
c2,-0.04931544256092312,0.015386912180053613,4.96933151275152,0.21309064692110982,2.1278553209215056,0.9320712969910124,13.072889047872351
c2,0.3803809416674904,0.010207339890602185,5.248409926429686,0.24005264299164233,-3.4470039487593707,0.7357406876184664,17.08056816674814
c2,1.6240064023848464,0.16253982629161,4.913749401154287,0.7188134193937313,1.5414825454365557,0.9467903120448964,16.745391325754326
c2,0.01708135648486603,0.21198892143583414,4.826016250000045,-0.1872429988646183,1.6492651988028109,0.6930578843527897,18.05732088472009
c2,-1.2060661801643566,0.05893533647427596,5.107497228673057,-0.5453294500170032,-1.243798347059019,0.9311684545526678,12.043882246172808
c2,-0.7665157316304203,-0.141714200355473,4.832584820012817,-0.38632815945546245,1.5886443211980759,0.7544078828199535,14.760845877303572
c2,-2.389422862611882,0.06361060060673474,5.1336944503509345,-1.4010236024391678,-0.4771722002692843,0.4927940774318006,11.125450458338296
c1,0.7071282350865098,0.17537690806947026,5.138009813392416,-1.3378552055560582,2.0092364285050492,0.4360950414224002,17.761744018943794
c1,-0.10721419364553895,0.0847356147981646,4.530044090234218,0.21250579186296248,-1.5670079249294853,0.658481153297173,10.27567812465861
c1,0.9264531635488961,-0.04294531372118193,4.699112468648368,-1.5033405335695906,-1.3791623106206727,0.6695081542023451,19.9624577118068
c2,-1.3275281990537844,0.0017292467367564512,4.813183986066831,-0.6693462072045985,2.083718256656874,0.850445156689114,13.322848069933382
c1,0.7716198194467504,0.0206417852970322,5.235666594009609,-1.2072494725211638,1.4924267357662775,0.1365872101593707,14.94856849465801
c2,1.7272756281259434,-0.046747146564786846,5.109683916964931,1.0882017578148009,-1.3004072375106894,0.34148220528727224,15.991570603118383
c1,-0.3170358949055592,-0.04421314280745925,4.788357146019389,0.2879557454640578,1.5566236018778006,0.8479145643998375,15.423265907536564
c1,0.9386773404167774,0.14998865641766734,4.77114810602612,-1.4212233551582159,-0.8506036638694585,0.8743048169087517,10.212025123075572
c1,-1.336315946681327,-0.08728966656317105,5.085459095299947,2.4593384877212046,0.04981610477846248,0.6504066720294093,14.833989302389508
c2,-0.5319941776477629,-0.09552334485531411,5.2060089357455865,-0.20686734717346383,-2.6047875794438347,0.7493801109088369,14.68123422602509
c1,-0.7893595012201106,-0.19750034356304447,5.013162511933754,1.1162242341418631,-1.280805035804877,0.7149570732015403,16.296835146007485
c1,-0.8089594423055605,-0.011240080025467947,5.066917576677445,1.6179937980169061,-1.7651426310107574,0.47776606640141095,17.184410282057357
c1,1.036011049632051,-0.04161857654842471,4.712024602583032,-1.561810199676357,0.07422508351578334,0.7945873948307536,10.122703311314847
c2,2.24973533601278,0.014664075328889581,5.282011058635866,1.1234384755268767,-2.0469548247447604,0.711482636955873,17.27568991465739
c2,0.11836790968140859,0.08264394425075139,4.836709144476192,0.012695619525949138,-3.29968931632285,0.9486213637721468,16.436977287420255
c2,1.0165054342120248,-0.03216351245192506,4.78626676171855,0.3360103668316621,2.293531950239841,0.31958825620587805,12.125091535450228
c2,0.6374753143143278,0.02491132386648509,5.172432582693712,0.37267635855398584,-2.5271497444317257,0.22709292232575307,18.332453326072986
c1,-0.3013098344074328,-0.17589348731293342,4.839739134242389,0.43965998568949277,-2.382024852033103,0.5761763948656159,14.700319563462402
c1,0.31153923520236815,0.03517056106872474,4.941686711070264,-0.6102799558410615,1.9349161693350563,0.09911921863049178,13.218302830277755
c1,0.2963926680656644,-0.020540648306228704,4.764174860457244,-0.3961365572454674,-1.6679505609224048,0.8654130230316867,19.114389145259256
c2,-0.3471490615648675,-0.027966493289287797,5.364732397219175,-0.10162549419356781,1.6886153400586048,0.7422074737198623,11.21676127546417
c2,-0.3353203924439755,0.12746059643382246,4.864630820219589,-0.06333297476885776,-2.9451889814474574,0.7005987803868592,13.614854796693203
c2,1.013231643736242,0.12831385647243998,4.774153584161125,0.5458391939768272,-0.295585750575044,0.7046573971134997,19.676397564462746
c1,0.26411417683151994,0.1061683122213175,5.005719776431937,-0.1273724663759726,1.8653486759721953,0.6341613102863091,13.272633357261387
c2,1.4035995898133913,-0.005093072662843312,5.573276445472509,0.7830076232727539,0.18040210945575152,0.2978902018112015,14.403441484569427
c1,-0.6899975349144835,0.09410574978025465,5.235756497861817,1.1568251563797882,-0.9268266678115783,0.27182825065811567,13.824111806856234
c1,0.7738700886527008,0.0819870537758991,5.073362954933202,-1.3834695064135072,-0.14828118794797845,0.7064645342152673,13.34740789352739
c1,0.4908648829589228,0.15745153696532732,5.025382289218806,-0.908108019500981,2.28946759970712,0.4214730181254417,13.945189934779505
c2,2.015330125046366,-0.021752448817005998,5.1221159531169835,1.082541280698653,-0.7993734736102877,0.5275016493630033,10.781052519261458
c2,0.8757905245065928,0.11859329557081999,4.625193435340475,0.4612067569545262,-3.9462975863847416,0.6644927675203512,17.086708241606914
c2,0.11621052333197113,-0.08736941528205122,4.8489103424918625,-0.055506797367453564,-3.2800695519657457,0.41401691106928773,16.19909616050689
c1,0.9619783909360601,-0.07139672527664054,4.843312839407139,-1.5448897272864512,0.5858444869562232,0.14917092101975515,11.625520192405913
c1,-0.5689707996081196,0.06138686415006056,5.214661874848882,0.7504964559099256,-1.6577340446266173,0.8020523457258847,17.537190097765674
c1,-0.503317605144083,-0.037241575217217715,4.959980097560426,0.6635843050410997,-2.400765158169911,0.7355749978710111,14.81629293296379
c2,-1.5984751448279362,-0.10762151155944721,5.054347721832,-1.0359212530694475,1.7443433167330116,0.7418319108873287,12.931941662687649
c2,-0.4548813463172403,0.012570092271950273,4.886290717170922,-0.5509224783045233,2.1617659806864857,0.5843713657616426,17.69465476472248
c1,0.92148079256014,0.054668492640766786,5.091423066683518,-1.353568620438116,-1.3576970718751262,0.23694901879403585,12.98933021333894
c1,0.6325805896280273,-0.11423642769455533,4.742035149449087,-1.1615691862985476,0.5970572305820887,0.5561306496836458,19.95351682246145
c1,0.1904503775417314,-0.09105322663348048,5.064433915016603,-0.06745208461017053,-1.5228967512219562,0.2924922632745103,10.85152699124676
c2,0.11178195984297985,-0.04901189022679375,4.922205682963369,-0.03950613603504589,2.051508630017916,0.4573576053552485,12.82862308656787
c2,-1.577102058763838,0.09464473434889342,5.183369571011037,-0.8204430985434031,-1.9979165151409548,0.06878866268988648,13.301189277618732
c2,1.3821376699518844,0.07261266924842502,4.937920334743062,0.9495447774070899,-0.7239757486603442,0.6696705637850298,15.736815999598788
c2,0.6477608609858971,-0.2195947742578852,5.150256160983217,0.21775767420226222,2.290717685047636,0.6372115978398754,15.934789800996144
c1,1.2021817605124372,0.22136800626039665,5.27415567047414,-2.327226260083064,0.193338930042942,0.2609877261724578,13.721914277123464
c1,1.2392167716949987,-0.1360582075669896,4.753545773408757,-1.9895753800915876,-0.37673521802507304,0.759189981043725,11.905600538230006
c2,-1.552599926020389,-0.07196309871853757,5.005757240336934,-1.0054815909691635,-3.144691594401992,0.7673779036801774,15.62336409582154
c2,-0.41305103239672875,-0.11250810452753157,5.453768903369407,-0.11138683852495113,-3.07677501645114,0.9798551427170409,17.74749535650519
c2,-1.129596157662636,0.09315130280645256,4.5006865771641795,-0.5606153890249829,1.2674107108272124,0.1600367513970854,14.54522451759222
c2,-2.016055170516891,-0.21469454202100913,5.056313751962136,-1.120157459293121,-2.5516608211460667,0.40974764296839017,11.065799992332245
c1,-0.1816583968231242,-0.06443416610235175,4.8576490408897,0.04321236682320406,2.1549703120887833,0.1163145925950202,16.32376914357303
c1,-0.4476466799643627,0.06079607523501096,5.208769381853894,0.5423786439393289,-2.1873814109250174,0.7305646914445929,10.207999266302494
c2,1.4694850538531743,0.06030568406029957,4.824875986306533,0.7790956278812813,-1.0753978323188431,0.06753393372874816,13.088575276567346
c2,0.7472051425390609,0.04232393460821804,5.17929573688041,0.35253465686160884,2.4243224354599153,0.43585072232889976,15.5061840688108
c2,-1.0146982445726453,0.027071009944162228,5.111537316093298,-0.7101917109735798,-2.6187900942575095,0.8213917240126781,16.857941958090557
c2,1.172606257320641,0.17084839615362668,5.0401591181906085,0.7393540394948457,0.4623934942054465,0.0030242248592255994,19.892567569122118
c2,0.030893098778351853,-0.20237190099700975,5.208253953140875,0.09789083931531838,2.535354019367537,0.8905826773683431,17.604406187230055
c1,0.7338834428452978,0.046287609581256106,4.787210366978176,-1.0457877580036108,-1.4407487009414297,0.918381477568553,15.27105634200735
c1,0.9583974549923271,0.1268044012919578,5.331259555490462,-1.493344227454556,-0.472814019784948,0.35127531686096003,14.01869340559358
c2,1.308428475655912,-0.027493630851433082,4.8508928109225,0.7561154534928245,1.8781743734932712,0.13139402106779774,16.004946316421744
c2,-1.1727365075652816,0.09640950708450724,4.9197669369002766,-0.6113074016863967,-3.069230040251019,0.0079428312932317,17.645108214718682
c1,1.083548177281965,0.1821804745754978,5.136180903229151,-1.8915446374292562,-1.0414530815471672,0.8210452498832793,11.507392596925621
c1,0.8868602434931843,-0.02738964928915877,5.1244604234942015,-1.442475397241736,-0.10520495596447857,0.4316878783794459,11.919581486091493
c2,1.8094580813764138,0.035538109105143434,4.890616007102137,0.9979084662463815,-1.2301665373537896,0.010705761814522763,15.508878691956776
c1,-1.2480670153026376,0.2035339628730295,5.237938777461867,1.9987979645552096,-0.856464249834338,0.1828427108070354,10.0468652122388
c2,-0.593195277138365,0.06989991173914412,4.693259906271148,-0.3304147949249704,-3.688170137155184,0.9868493638099578,14.25967394118128
c2,-1.3971049869759176,0.09166133712227875,5.081865606960403,-0.7648155791962593,0.5545442108807502,0.848194447031384,12.783206532913415
c2,-0.7007509087328756,-0.03675974693613071,4.710621296854063,-0.41559727056733115,-3.796034186912966,0.0991714874009263,14.087914598360282
c1,-0.6617589864488042,0.2060807077330633,5.091699511672767,0.9318925086092382,1.1616477649117865,0.745893169965363,11.396583633315615
c1,0.5637227522671118,-0.11895248229370203,5.018115660535816,-1.074579402266059,0.6911329795528967,0.2787412346261223,16.209613575135595
c2,-1.3299633441428298,0.11073832288501251,5.1668040848531325,-0.6183139694531152,0.9771907881037525,0.7659257059744007,10.368477878098846
c2,-1.6004104613015546,0.06042728417262744,4.949853490553298,-1.0325876910902008,-0.8967064495596876,0.3835963280064273,14.456489357580587
c1,-1.0302174774084163,0.15304066630961977,5.11513215601901,1.6166411033821977,0.6469716451803362,0.25354305137856026,17.221285784467057
c1,0.5514736529542743,-0.1845929571489755,4.989866036765403,-0.9800005383169077,2.057309267703609,0.4233982696556561,13.105375492426663
c1,-0.8931349724125149,0.167515446562998,4.961384249575759,1.5057629066835287,-0.7794188556293167,0.23769486698178333,12.008034234537067
c1,-0.7460942358585437,0.2359142170219588,5.02312656414072,1.33804921004124,-1.573510705578115,0.17939748023150703,14.917444512319777
c2,-1.4320230774105682,-0.0004023042084302375,5.087508643293185,-0.8709688804228529,0.5665349905818897,0.79923610142297,15.674884424888957
c1,0.55031022024649,0.07263693527626103,5.251069805123719,-1.495783435244633,-1.195063502411277,0.1372119463348911,16.29787107359835
c2,1.1650169431250876,0.041166511900685876,5.147541925497911,0.3842610183959966,0.7939654039672711,0.6729797306657124,17.84070978433723
c2,-0.7250965101899551,-0.03767608272212719,4.793548103924579,-0.499441337674895,-3.3520659434326157,0.13032701651145906,19.62285667211772
c2,-1.1088178622742046,0.13866393198988902,5.293522512153468,-0.3807718786815388,-2.1578587805181515,0.848768513080835,16.6825750582093
c2,-1.4492517961136402,0.13704909651349162,5.229005741171912,-0.6406816604942004,-1.2865543501685102,0.9624620272313484,14.477699157292658
c2,0.723487016787337,0.013381198807277173,5.008405596350354,0.31698282585674126,-3.2285139624254633,0.2300842355552577,10.556105805160858
c1,-0.5235329272203154,0.04518065606625221,5.238981140398896,1.2325653746787795,-1.7826609532039588,0.814423984076298,17.761256960119024
c1,0.3197967222028351,-0.024916536914355802,5.186160826305016,-0.37281799492394474,-1.5087475893746194,0.6891691910181772,13.466711666934083
c1,-1.0725023387097152,-0.09249610523832352,5.104851409581757,1.871513333778447,1.0345847767628618,0.09761446510063687,16.415096383035163
c1,0.35819701748636557,0.02270033740067312,4.884772427209008,-0.5036588530235503,1.748100859971282,0.9133820781099599,14.784658858970012
c2,-0.1805414034308561,-0.017168194142959337,5.099995181057261,0.056621875656204024,1.4702951270835851,0.11806977392932616,15.111339716614872
c2,0.22246869033054534,-0.09898525268536851,4.952933267162283,0.005109994181449225,-3.742406574398684,0.23510739097705913,14.99620563684445
c1,-0.6286134083248147,0.1254527340788556,5.214833271549622,1.1570934017336025,1.473966965077441,0.19701709288144142,19.626329211154868
c2,1.4156901459503826,-0.00013225849995102124,4.9461388917768785,1.0375453042647942,1.2388615209663905,0.5043618719037247,12.882889832117618
c2,-1.4470159717420692,-0.02796573692838855,4.667408862029957,-0.8218421937239496,0.6094058873547982,0.5901084606675951,16.75719735295041
c1,-1.2655062643923576,-0.05489507988604281,4.616587757976147,1.9074064253847627,-0.1394280008944801,0.3744495146294884,10.285650826209427
c1,-0.1733345452171161,0.032362756814112714,4.972955400504303,0.028455019722357394,2.5205801320063674,0.779730362330179,12.792130332237397
c1,-0.5296062322469877,-0.03220908197368111,5.014305668646871,0.7648559593480537,-1.994584579984728,0.08941932866316749,14.535286214432022
c2,0.08306726230004995,0.09586634594951349,4.868844250900719,0.05753695624944197,-3.3889947452225755,0.08117024367547254,12.155980555479662
c1,-1.0263438631248634,-0.09246034207940035,5.04631766487315,1.8184574666491218,0.03706620327410107,0.9806332940571785,12.208042206344535
c1,0.7115606416729042,0.01212097296771475,4.873591421948223,-1.1260593034539907,-1.5199527215608708,0.16574824017057677,18.30673310513589
c2,-1.9229552986578557,0.07064740271864167,4.842370815121386,-0.9847606316650063,1.026812734864155,0.7853101447784321,15.00804749792093
c2,-1.4477341473982264,0.29893599999730647,5.366801600101847,-0.706848993620171,1.2026141814645708,0.9030422229901159,11.26254297991487
c2,-0.24102291399518247,-0.07455617232139922,5.068566175220546,-0.21613117378290242,2.6616211593391896,0.8927144991832197,18.079819286517413
c1,-0.718316620543859,0.1091993717988693,5.356860797057074,1.3047672394873204,-0.7665453051650727,0.7429640882289436,17.890820100143184
c1,-0.6752665422063379,-0.030210490014910718,4.86342511485336,1.2109115789365097,0.47286661034219485,0.18362347323634143,10.452331254021512
c2,-0.1369306361748783,0.006101497556169733,4.680042841845389,-0.044836755632322964,2.6302072309359663,0.4839982095889451,16.307680787079114
c1,-1.3027153729754317,-0.06441052990567897,5.035203750348412,1.8229739457845209,1.255251391485354,0.726357231484681,19.632585627077873
c2,-0.46931383560581064,-0.0864383190055733,4.69659125899495,-0.20853344370111557,1.2953552287637573,0.6919391340164008,12.313136177369614
c1,0.8201845145821471,-0.12390763300973262,4.709096368533648,-1.0342106791334638,-2.151926052778104,0.18237520086960757,10.342794946617651
c2,1.2597048426286277,-0.3182457973458135,5.275088090071183,0.6117580766914278,-0.10785703217838392,0.6652456091798913,11.803096963481007
c2,0.16346605482735027,-0.1214181301813273,5.1217361721380605,0.19113970484639156,-4.068449263619171,0.7289073783215113,15.174851374359111
c2,0.5245886694519689,-0.018741098080354845,4.876868439575781,0.42291835246474907,-2.7032810331565025,0.14528747991295354,10.308417453897237
c2,1.2147354938421244,-0.05815221505931589,5.062585754038325,0.652983520049938,1.7642842944858699,0.06559169062050885,17.812226944147643
c1,0.7185866840282854,-0.04987839074161471,4.924561618313972,-1.0437377759890414,1.5175598693355066,0.8578579521240081,16.735481637139785
c1,-0.29636316925754635,0.07756679649627607,5.210099210938383,0.6817714591930811,-1.266648602821695,0.21512661947685408,14.68562324597578
c2,-0.09969544302925262,0.12721955976934574,5.256996725197808,-0.02955312602053737,2.102681103943315,0.7839244072590885,18.670090960182904
c2,-0.7926014818418011,-0.09534697106306922,5.344424330973779,-0.5536146509273278,3.4121072319045465,0.8911005009050644,18.770941019555945
c2,-1.4274608008019642,0.06897751292034116,4.864621766873777,-0.7896417770702245,-2.9659992816371665,0.6755297163940528,18.929028535895746
c2,2.125531259037536,-0.13035149388369405,4.91924668397709,1.0012514469444953,-2.5947258080616304,0.5590108062849298,14.816049865176886
c2,0.015422263799258186,0.033560123092657435,5.17049195056786,0.15511022964892165,-4.092753616813597,0.49678396886153586,17.641017669341096
c2,-0.6984995520366474,0.046678391474431535,4.948512013308827,-0.503145068831338,2.055729063041888,0.23304208084563838,14.520638668039386
c1,-0.6549265425703796,0.05215634801240654,4.686507048747581,1.1998670871928918,-1.523986668326475,0.3199321906211344,15.494554683675027
c1,-0.7271194620630443,0.04997479239017899,4.851828817311132,1.1261061096340657,0.7671729127694104,0.15100167731885716,10.486051792265071
c1,-0.5081130791708206,0.06777015028882794,4.916411953504232,0.8893412495362745,-1.3776644292636926,0.12865556551237045,12.110493854332262
c2,0.6555048219815196,-0.0711912269204742,4.691097448902665,0.6214577145622235,2.520257705726183,0.7815956209134874,15.127074251279609
c2,2.6401726221966517,-0.195182310876314,5.339919891778616,1.2619928113710472,-1.303238237970652,0.3329309773956055,19.09612908799109
c1,-0.32927297385464105,-0.026799958896333465,4.753408442577252,0.32608182417847786,-2.1912472972969295,0.03501038881451901,19.063409921740135
c2,-1.1668717858579793,0.21587125828361664,5.3327057438191225,-0.6804602634612071,-2.6729339389542264,0.6534437629218481,19.90617713254624
c1,-0.7562251771331285,-0.05635503952306209,4.970336438505048,1.495131216878201,1.9703837283662473,0.713978214647427,14.755072670210794
c1,0.8777187584138253,-0.04962068123597163,5.1762488666837045,-1.241999494762672,2.0583215908920676,0.4823346257528549,16.467841188338284
c1,-0.7338133597649387,-0.09684361379900963,4.761271851003502,1.1848335655418185,-1.4519755630398656,0.7559059716469195,17.038131361511613
c2,1.226397995951954,0.2502074797260381,5.307986582419145,0.7552969177142768,0.4507557519040424,0.14525687951778732,16.489084492281243
c2,-0.3936997855265295,-0.051103208548049395,4.934748510527833,-0.1204891785990248,-3.0365476522841917,0.7456120354182604,18.120688699959548
c1,-0.6612995706831433,-0.06435102234580548,5.031694192123456,0.8800630580141832,-0.02658662890449904,0.8933241284082344,17.45457385789919
c2,1.4843840837822257,-0.10218158569238511,5.065244044788769,0.8862998188507697,-1.850869640307635,0.8115643291952905,12.243091814544071
c2,1.3895325916939747,0.05788136814222611,4.68661666164193,0.7744712458241537,1.7778337599544611,0.762738286312193,18.749891188922312
c1,-0.5084552848970407,-0.12855228437314636,4.993299124928914,0.7083197663353767,2.104219195875457,0.4034320869030903,18.17280574619859
c2,1.085786971682739,0.23002014184609543,4.848989315832041,0.661813989861046,-3.0735483460973954,0.2154945329474568,15.69251968254926
c2,-0.8380807547140982,-0.2160841089910246,4.912418147924451,-0.5843654118746355,-3.2435600824214768,0.9640766935795096,10.105575706582734
c1,0.9477458333674343,-0.03346236484455112,5.314880719007104,-1.7853402187604333,-0.05707701969335676,0.4422331736677201,18.76289683614517
c2,0.3000959822246294,-0.03650952621923231,4.896612989503242,0.10412594888989302,-4.344813984303968,0.807766731268566,17.03439398753256
c2,0.8341030148553803,-0.00979867739618534,4.729410187835487,0.379103762832039,1.911115459785321,0.7502528386737768,14.950565474209908
c2,-1.350318047095414,0.02064116834311136,5.098039834104514,-0.8138418333888037,-3.364931299186464,0.09926347169823979,12.011257996508323
c2,2.2575987005141838,0.036369492558138816,4.7831979054513125,1.3234770554530058,-2.275858509241262,0.9844005790069381,10.252290626306156
c1,0.8368950230376137,-0.12812697845086696,4.942789027864538,-1.5304523246707717,0.33167465858555795,0.9862301469663688,15.96743536442192
c2,1.132772690339371,-0.05230482005653414,4.913785733896773,0.6829585999528454,2.683245282946245,0.6183894216968877,18.273599973428503
c2,0.19462402311534116,-0.13693387326977025,4.829403101683754,0.10426703225702526,2.3456460832957604,0.3595993119256711,13.002997982513547
c1,0.18198199384547467,-0.16842869348021772,4.638326272958439,-0.010453156898561727,-1.5210375790293882,0.40071562334031297,13.385216786136484
c1,-0.5104684157004896,-0.14893609562338384,4.849396156935833,1.0241898920205081,1.9504250209003198,0.03630506152300783,17.014747559884636
c2,0.5477103517810147,-0.08465981497650787,4.773776920134119,0.292904337413177,-3.7092592838388065,0.801978112217141,12.56712549896663
c2,0.4391412280362675,0.009494280749972717,5.167663116785654,0.3025419205300846,-3.653674538600497,0.5896559468098534,19.491643351293064
c1,-0.7295402991665376,-0.09076016454885405,4.895392762915951,1.329067544222854,1.6324683662720083,0.45492917419422085,14.549991910512599
c2,0.6190683317076949,-0.10155338770842093,4.940844438789774,0.25120683415310224,-3.908872359587783,0.4283807524719404,13.483756993404484
c1,-0.06529796064578178,-0.09238521646377862,4.887430325309251,0.4678726119079195,1.3755646432061053,0.28099819704979245,12.425032883620505
c2,1.208388208464351,-0.05514355894119838,5.212956502238633,0.6924696479449798,-1.4807428850541633,0.7040641665865868,12.140904387508698
c2,-0.7374972831325944,0.056408157202435305,4.718569503786857,-0.5796479724396776,-3.168771841382728,0.7665662928467815,12.2136683760144
c1,-0.18478834796861907,-0.14462922107106202,5.256304048655194,0.3200054183123421,-2.0560550957937953,0.9978465314151235,16.455418584568307
c2,0.24545140619836686,0.10640880285879106,5.127517238268537,0.1402795267720818,2.0020703889173603,0.1836221064529806,12.951431339019258
c2,0.6828502889620189,-0.03813445545681837,4.6105344631812075,0.5477912382972661,-4.689930790952714,0.6653411718653045,19.070140236067544
c2,1.4386442926574332,-0.02087441046232108,4.994946173522556,0.8762014072222136,-2.240799662772764,0.22139848033950638,12.108086327933396
c2,1.6478317779553444,-0.10073498764572086,5.072337534174993,1.099241802193494,-1.4137353647442485,0.6968249501445188,19.267558313008227
c2,-2.088644371428679,0.021070288894572187,4.750419157348635,-1.130607033608971,0.37210592317566243,0.29428659326712303,15.737249693045406
c2,-0.7473470514042004,0.09769834369593866,5.101289846011993,-0.3397799519340788,-3.3798811659193797,0.9621048213187295,13.290086222046853
c1,-0.030714663020117314,0.0359870124448225,4.777014072329775,0.3346305111752651,1.8521181175558303,0.39710476825226115,13.396850774789094
c1,-0.9155512879020518,0.01001587097600165,5.2747970899744345,1.5495068070878888,-0.7166156108591618,0.5282376178211045,16.427929002283346
c1,0.5227109399297912,-0.14314039183338423,5.385860009247975,-0.9519103065695932,1.7840169766177876,0.6386899187974676,12.567744962583639
c1,-1.6280022914607886,0.11916457877367392,5.196952325395792,2.4800793049817647,-0.348860122668422,0.721961611844588,12.879085645054435
c1,-0.37104344979807824,0.020287656372017793,5.087319179220385,0.3972722120257878,1.9964724307467756,0.9254366959549651,17.424030003496874
c1,0.645298911133405,0.027920424431851387,4.859635864793984,-0.6811462893165376,-1.9141595277565466,0.5774494807803594,18.22053366490998
c2,1.4889215149885269,0.004426498791652023,4.692561906453326,0.9135640501075933,0.7678213632648916,0.26395120630450386,15.770248762105101
c2,-1.3403482761421424,-0.20177078962964323,5.188373563530169,-0.7211469100604829,-3.3231829582979353,0.7027051573426748,19.638256543587126
c1,-0.09727774773079757,-0.054041229060228346,4.733452182258792,-0.04501234907428649,1.7912150269764815,0.027261557660077762,18.937233997581423
c1,0.323125349595882,0.028880768797924006,4.487646876972007,-0.3296593004659306,1.950914070513993,0.888482739827669,10.086073353964263
c2,-1.1432873963401056,-0.12252684864813901,5.1295079209342695,-0.777455721563536,0.6919265618348324,0.36298060006996524,14.75172729205719
c1,0.6980725350468456,-0.06718531631328517,5.051643133514448,-1.2474686303820162,0.6435598507813062,0.10578573566696114,14.539466392080403
c1,-0.7456789825962309,0.04780810616527553,5.1517153603638715,1.2846258957342043,-0.5078902557331194,0.7426846127039937,17.513565535956964
c2,0.8902773699898565,-0.10362133660684059,4.854417702292965,0.5110708566144536,-2.236567890334988,0.7112017445516612,18.05568339336515
c1,0.20084223763116807,-0.028346590680257577,5.0929378850757345,-0.45239166707036294,-1.9448761122935223,0.0640963130173201,15.03202799044259
c2,1.9535612000069724,0.014010832324354183,5.051902002744961,1.2215553648125521,0.3851494077715492,0.5998387625050474,16.696451927959313
c2,-1.8249213935814463,-0.0008337884336739876,4.985282245630823,-1.1492675057603339,0.23605205052597322,0.4652184307037234,16.46134196656505
c1,0.02839873643025783,-0.012664514517298997,5.103983672277669,0.22976399158089691,-1.544647604116853,0.3871977951828348,13.787840170325847
c2,1.3668705799574725,0.09396217142251828,5.111448077758276,0.8125085806333245,-2.671185052475469,0.6891910777951904,15.65319382537015
c2,-1.6245505027125062,-0.14485173171943622,5.007262713259084,-0.9659106127772696,-2.8587607236309247,0.12135466949269436,17.732566220404518
c1,-0.01126001313541495,0.14774721086762632,4.611007640059837,-0.5837804481239509,-1.9688318391101682,0.7667871309981754,11.18561049927589
c1,-0.6808227864787304,0.06515261691943941,5.036052785660856,0.8804482809051534,1.643169038277278,0.7853721227710507,12.37011809105762
c2,-0.7229155513208053,0.03715049310379648,4.7651495263961055,-0.1653568377251299,2.4929796307893413,0.7391113324266554,13.560289419002522
c1,0.893217148179293,0.09271546936187214,4.930639966318344,-1.6982441519410856,-1.5123005463848949,0.09352358159594554,18.777894335170252
c2,0.7582541310176262,-0.10474225034231921,4.9480335941622595,0.4523004174944641,-3.398507597651747,0.7418000542706363,10.6130288813848
c2,2.289540821571785,0.023936990923850487,4.910783336229153,1.2194445807882266,-0.3372276306005561,0.5451045382867964,17.10859425518322
c1,-0.29935215436940665,0.08124541886823344,4.96291668748669,0.3023752420110463,-2.2057776975547934,0.7034720956390852,11.627679747597421
c1,0.0474082671839448,-0.0768785059050554,5.148688991819649,0.046966953402845006,1.1607842489681575,0.3227696136562994,15.683428317767522
c2,-0.07376466040482674,-0.053640446622566174,4.909154911304109,-0.041643823461417116,2.2158987470998537,0.607815686735706,16.565102358396604
c2,0.24034679187253347,0.07148558668274063,5.1034237349076115,0.08058019757607138,-3.4474956581817464,0.12367657123214704,11.106368418054815
c1,0.21432001990384478,-0.011989161311376506,5.228470964468745,-0.7653813678086635,-1.5717943878342178,0.6201351022691682,12.623719896464657
c2,-0.17042103645634296,0.03331600666568235,4.879069538853052,-0.11448375810497484,1.4039619114005335,0.45302931710688044,12.012751203247078
c2,1.3096931836153347,0.02551882676086592,5.11806903518939,0.8884647056161072,-2.7861247636927167,0.629610545736952,19.06450130683423
c1,1.1600591465373444,0.01714058717809941,5.117852340177264,-1.9193201446042671,-1.1570499755373547,0.7622733269817913,10.548370257656766
c2,1.2271342043407627,-0.02154551907134561,5.0583010448577115,0.6513437348156762,1.0290593630073055,0.19913437335031703,18.220581631910804
c1,1.0274777792159258,0.006191833846580508,5.221588275448736,-1.790386623881459,0.21737380817136454,0.014424774238133709,14.848274084248175
c2,-1.457322475694102,-0.0006675392807338199,4.58546868096194,-1.0640989351382204,-1.2895032101434525,0.1499804763845063,13.392347177734933
c2,-1.222447759078588,-0.002327361000157069,4.973878115128163,-0.6362690961076969,-3.450667932361964,0.3718825730608617,14.703236702586562
c1,-0.1289914377956597,0.027777812005856717,4.881652735989806,0.33186805117046375,-2.5444506038248655,0.017831472734304743,12.98048882829819
c1,-0.897836604669233,-0.035508432218408714,5.31305481137588,1.3034813370654936,-0.8525104145753826,0.871066316722008,19.768746429989424
c2,1.711477483408117,-0.05674377354001514,5.175014794222966,0.9408505821089972,1.675039743296549,0.36288142091220277,13.765687038775889
c2,0.6629834977167667,0.11965349136020187,5.1716804757942905,0.24205856226843886,-3.890541038920903,0.033620576085604204,13.415222446987496
c2,-0.9955757860690488,0.164179948196141,4.735730071382199,-0.7381970759187308,1.895597918483242,0.0947202566942642,13.556985972707004
c1,-1.0925905235364048,0.06771499881033272,4.773456940160929,1.7040347642335303,-1.3361373204799876,0.9278085988886835,15.28601230395816
c1,-0.8686605933540721,-0.28961068455661554,5.234367210725754,1.574170242032146,-0.8911727604428228,0.8049634721348046,13.249286149228636
c1,-0.09519897897067472,0.046106206749584544,5.217006536170267,0.3127741980560817,-1.4579047458977212,0.5516925050972206,14.150999370200063
c1,-0.512461170434076,-0.04894027112388244,4.96003240251642,1.0738247695492478,1.6190298259861196,0.3908020615554869,17.69414624640977
c1,0.7302669193159547,0.0011662386549904369,5.191664768506368,-1.1814312011523838,-0.5999194854508915,0.35607420700618453,10.567740607488442
c2,1.2074922165333453,-0.0996778045985156,4.87051243300185,0.66363045560712,0.6203570165897282,0.606582928102424,11.544235519991874
c1,-0.3686987583637889,0.023149222522251378,5.362793773684213,0.8545343520591586,1.6439865390489763,0.8834856593532878,16.680874299590542
c1,0.21667979173677845,0.0210924388695517,5.2471600518517,-0.21300108402756904,1.699377270746033,0.2494668626801143,10.209893474647648
c2,-1.1323591561059356,-0.10073146239479414,5.109871696949505,-0.6564566206533152,1.990931560256377,0.6560041087898146,14.994661564077528
c1,0.19869849028183847,-0.07362174095015384,5.0431018812513795,-0.6916165528624559,-2.24628184343222,0.9066004356980571,10.090307322229487
c1,1.0630247393893888,-0.29433213312779394,4.762753559154955,-1.6180147842499664,0.3646030307669974,0.6063390288093862,18.967620644603386
c1,0.784886527669477,0.08060340356368734,4.9226134073537775,-1.0974227957402267,0.687288279340453,0.28446475502702984,14.251797045693785
c2,-1.6681491312178782,-0.06204903259802208,5.144784436451558,-1.0948601797867779,-1.0435428976725616,0.7737167613947765,14.954588264044123
c2,0.22694526765324638,0.05560840839934755,4.924883634815978,0.1372047774813612,1.8602685072348568,0.49815816736660323,19.5718524608014
c1,0.6815268734275498,-0.07400520385277432,5.01955640796149,-0.8952280534620377,-1.9835107970015917,0.16769903696193256,15.430458739274664
c1,0.9232985287730034,0.022578511685098945,5.077476373559883,-1.8485738293885523,0.5595035262613974,0.8696232623976946,17.80677005077935
c2,1.6137589559140681,0.0560368215708813,4.79054791126674,0.9485444258990463,-2.2759261528275028,0.5887542285630043,13.128045276299632
c1,-0.09094094280400983,0.05923967644149819,4.896258275222721,0.3576283935923357,-2.3819275672987734,0.044918465392222995,14.259062587485884
c2,-1.4072052349626831,0.11457117565387698,5.27587452135627,-0.8085768892250423,-2.475487218923948,0.7817220692369548,10.8430052013589
c1,0.8748999931739014,-0.20908620999565386,5.124834400268651,-1.3516311617306662,-1.091552925076354,0.4642545814322274,11.395607510535585
c2,2.3369285548305343,-0.043877054271176164,5.34579996562895,1.464349071267597,-0.1464660969481518,0.8248296744520478,14.60859180229762
c1,0.8790516847100409,-0.13503109483028908,4.839277581866372,-1.5925102589775688,0.600855831662265,0.5731554707874991,13.235135315248101
c2,-0.7122262148822622,-0.12241314314094076,5.269857021851872,-0.2886889096254188,-3.5945129541902334,0.18569284833341748,16.408236580352728
c1,0.6658056430782262,0.19765051388407784,4.870219294060203,-1.1322269654593236,0.7354235640669773,0.2536551435545772,14.62873694581802
c2,0.46367628339177697,0.06686897099852018,5.1054673238947395,0.25168893477154297,-3.6796056264813495,0.3061208950855113,11.360732407775224
c2,-1.3065189870520104,-0.016950141789452644,4.898256570525877,-0.9057867382635997,1.1621034659562122,0.692016882929172,12.55172822435545
c1,0.8169160199022255,-0.17002173715982138,4.745360615997899,-1.3311884008861652,0.2201808172352481,0.5962599179812916,19.729003643009545
c2,-1.210401784212303,-0.011781377353161204,4.8734301385266585,-0.5385463289378883,-0.17935137366885653,0.780869521645924,16.622576023705303
c2,-1.70116604153971,-0.003989990788863196,5.2197544206847155,-0.9914639990333487,1.3786203707076548,0.6436937293383778,17.569263750871738
c2,-0.3237168782273342,0.026485309228219123,5.075600758542132,-0.07396207610261836,2.2234126018277385,0.9151758394681492,12.236825921103208
c2,-1.0400257777167963,-0.06446306948684644,4.881123528022472,-0.4572413837846202,0.24579116462542686,0.6194347777019806,17.61496470432703
