{"files":{"Workspace/a_suitable_name.mo":{"Workspace.a_suitable_name":{"all_changes":1731163685662,"non_structural_changes":{},"structural_changes":1731163685662}},"Workspace":{"Workspace":{"all_changes":1731163536877,"non_structural_changes":{},"structural_changes":1731163536877}},"Workspace/lorenz.mo":{"Workspace.lorenz":{"all_changes":1731164379844,"non_structural_changes":{},"structural_changes":1731164379844}},"Workspace/ex8_4.mo":{"Workspace.Simulation.WaterTank":{"all_changes":1731169616671,"non_structural_changes":{},"structural_changes":1731169616671},"Workspace.ex8_4.WaterTank":{"all_changes":1731169789154,"non_structural_changes":{},"structural_changes":1731169789154},"Workspace.Simulation.WaterFlow":{"all_changes":1731169616671,"non_structural_changes":{},"structural_changes":1731169616671},"Workspace.ex8_4":{"all_changes":1731169858505,"non_structural_changes":{},"structural_changes":1731169858505},"Workspace.ex8_4.WaterFlow":{"all_changes":1731169789154,"non_structural_changes":{},"structural_changes":1731169789154}},"Workspace/ex8_5.mo":{"Workspace.ex8_5":{"all_changes":1731258799973,"non_structural_changes":{},"structural_changes":1731258799973}}},"last_edit":1731258799973}