{
    "models_experiments": {
        "experiments": {
            "furutapendulum_controllerlqr_20241111_214007_e623386": {
                "models": [
                    "FurutaPendulum.ControllerLQR"
                ]
            },
            "furutapendulum_20241111_225646_3686fb1": {
                "models": [
                    "FurutaPendulum"
                ]
            }
        },
        "models": {
            "FurutaPendulum": {
                "experiments": [
                    "furutapendulum_20241111_225646_3686fb1"
                ]
            },
            "FurutaPendulum.ControllerLQR": {
                "experiments": [
                    "furutapendulum_controllerlqr_20241111_214007_e623386"
                ]
            }
        }
    }
}