{
    "fmu_id": "furutapendulum_20241111_012130_c0199bc",
    "analysis": {
        "analysis_function": "dynamic",
        "parameters": {
            "start_time": 0,
            "final_time": 10
        },
        "simulation_options": {
            "ncp": 500,
            "dynamic_diagnostics": false
        },
        "solver_options": {
            "rtol": "1e-6"
        },
        "simulation_log_level": "WARNING"
    },
    "parametrization": {
        "pendulumDamper.d": 5e-06,
        "rotorDamper.d": 0.02
    },
    "structural_parametrization": {},
    "fmu_base_parametrization": {},
    "initialize_from_case": null,
    "initialize_from_external_result": null
}