{
    "models_experiments": {
        "models": {
            "Workspace.a_suitable_name": {
                "experiments": [
                    "workspace_a_suitable_name_20241109_145242_1662e39"
                ]
            },
            "Workspace.lorenz": {
                "experiments": [
                    "workspace_lorenz_20241109_145941_896754a"
                ]
            }
        },
        "experiments": {
            "workspace_a_suitable_name_20241109_145242_1662e39": {
                "models": [
                    "Workspace.a_suitable_name"
                ]
            },
            "workspace_lorenz_20241109_145941_896754a": {
                "models": [
                    "Workspace.lorenz"
                ]
            }
        }
    }
}