{
    "models_experiments": {
        "models": {
            "Workspace.a_suitable_name": {
                "experiments": [
                    "workspace_a_suitable_name_20241109_145242_1662e39"
                ]
            },
            "Workspace.lorenz": {
                "experiments": [
                    "workspace_lorenz_20241109_145941_896754a"
                ]
            },
            "Workspace.ex8_4": {
                "experiments": [
                    "workspace_ex8_4_20241109_163105_f5de4e0"
                ]
            },
            "Modelica.Mechanics.MultiBody.World": {
                "experiments": []
            },
            "Workspace.ex8_5": {
                "experiments": [
                    "workspace_ex8_5_20241110_171534_a1774c5"
                ]
            }
        },
        "experiments": {
            "workspace_a_suitable_name_20241109_145242_1662e39": {
                "models": [
                    "Workspace.a_suitable_name"
                ]
            },
            "workspace_lorenz_20241109_145941_896754a": {
                "models": [
                    "Workspace.lorenz"
                ]
            },
            "workspace_ex8_4_20241109_163105_f5de4e0": {
                "models": [
                    "Workspace.ex8_4"
                ]
            },
            "workspace_ex8_5_20241110_171534_a1774c5": {
                "models": [
                    "Workspace.ex8_5"
                ]
            }
        }
    }
}