{
    "fmu_id": "workspace_ex8_5_20241110_171534_b2fb9d3",
    "analysis": {
        "analysis_function": "dynamic",
        "parameters": {
            "start_time": 0,
            "final_time": 10
        },
        "simulation_options": {
            "ncp": 500,
            "dynamic_diagnostics": false
        },
        "solver_options": {
            "rtol": "1e-6"
        },
        "simulation_log_level": "WARNING"
    },
    "parametrization": {},
    "structural_parametrization": {},
    "fmu_base_parametrization": {},
    "initialize_from_case": null,
    "initialize_from_external_result": null
}