{"Workspace.a_suitable_name":[{"created":"2024-11-09T14:48:04.722Z","lastModified":"2024-11-09T14:48:04.722Z","name":"Experiment 1","expressions":[],"model":"Workspace.a_suitable_name","settings":{"dynamic":{"stopTime":10.0},"steadyState":{},"custom":{},"simulationType":"dynamic"},"filters":[],"isDefault":true}],"Workspace.ex8_4":[{"created":"2024-11-09T16:26:55.638Z","lastModified":"2024-11-09T16:26:55.638Z","name":"Experiment 1","expressions":[],"model":"Workspace.ex8_4","settings":{"dynamic":{"stopTime":5.0},"steadyState":{},"custom":{},"simulationType":"dynamic"},"filters":[],"isDefault":true}],"Workspace.ex8_5":[{"created":"2024-11-10T17:15:28.716Z","lastModified":"2024-11-10T17:15:28.716Z","name":"Experiment 1","expressions":[],"model":"Workspace.ex8_5","settings":{"dynamic":{"stopTime":10.0},"steadyState":{},"custom":{},"simulationType":"dynamic"},"filters":[],"isDefault":true}]}